8.88,-1.33,1.61,1
9.11,-1.08,1.69,1
-5.37,-2.22,7.6273947,1
-5.43,-2.26,7.5456724,1
-5.41,-2.22,7.5865335,1
-4.75,-2.34,7.8180795,1
-5.05,-2.11,7.6273947,1
-5.24,-2.18,7.7363577,1
-5.18,-2.14,7.7363577,1
-4.9,-2.11,7.9270425,1
-4.94,-2.22,7.9270425,1
-5.01,-2.3,7.8861814,1
-4.99,-2.26,7.8861814,1
-4.86,-2.26,7.8861814,1
-4.82,-2.26,7.8180795,1
-4.94,-2.3,7.8180795,1
-4.9,-2.22,7.8589406,1
-4.9,-2.22,7.8861814,1
-4.82,-2.22,7.8589406,1
-4.82,-2.18,7.8861814,1
-4.79,-2.26,7.9270425,1
-4.82,-2.26,8.008764,1
-4.67,-2.14,7.9679036,1
-4.71,-2.11,8.049625,1
-4.52,-2.11,8.008764,1
-4.56,-2.11,8.076866,1
-4.59,-2.07,8.117727,1
-4.48,-2.22,8.117727,1
-4.33,-2.26,8.158588,1
-4.25,-2.22,8.19945,1
-4.37,-2.14,8.240311,1
-4.4,-2.22,8.308413,1
-4.44,-2.22,8.281172,1
-4.37,-2.22,8.19945,1
-4.29,-2.3,8.240311,1
-4.21,-2.26,8.240311,1
-4.18,-2.26,8.19945,1
-4.25,-2.22,8.308413,1
9,-1.46,1.73,1
9.08,-1.38,1.69,1
9.04,-1.46,1.73,1
9,-1.57,1.69,1
9,-1.5,1.8,1
9.11,-1.38,1.95,1
8.2,-2.37,4.18,1
8.24,-2.34,4.18,1
8.16,-2.41,4.25,1
8.28,-2.37,4.21,1
8.24,-2.37,4.21,1
8.16,-2.37,4.21,1
8.31,-2.37,4.18,1
7.97,-2.41,4.25,1
8.12,-2.41,4.21,1
8.24,-2.37,4.18,1
8.05,-2.49,4.14,1
8.85,-1.27,2.18,1
8.66,-1.31,2.37,1
8.54,-1.31,2.49,1
8.85,-1.23,2.26,1
9.23,-1.46,2.26,1
8.96,-1.46,2.3,1
8.27,-1.65,2.11,1
8.5,-1.5,2.56,1
8.96,-1.38,2.6,1
8.77,-1.33,2.53,1
8.92,-1.23,2.45,1
8.96,-1.27,2.34,1
8.92,-1.27,2.22,1
8.88,-1.27,2.34,1
8.88,-1.31,2.26,1
8.92,-1.23,2.3,1
8.88,-1.14,2.37,1
8.88,-1.12,2.37,1
9,-1.23,2.26,1
9.04,-1.12,2.37,1
9.08,-1.61,1.65,1
9.34,-1.53,1.76,1
9.28,-1.27,1.92,1
9.08,-1.27,2.11,1
9.04,-1.12,2.41,1
8.96,-1.12,2.34,1
8.92,-1.14,2.26,1
8.92,-1.31,2.3,1
8.88,-1.38,2.41,1
5.6,2.83,7.86,1
5.63,2.83,7.86,1
5.67,2.83,7.89,1
5.6,2.83,7.89,1
5.6,2.83,7.82,1
5.56,2.83,7.89,1
5.63,2.79,7.86,1
5.6,2.79,7.82,1
5.63,2.83,7.86,1
5.6,2.83,7.89,1
5.6,2.79,7.82,1
5.63,2.79,7.86,1
5.63,2.83,7.86,1
5.6,2.83,7.82,1
5.6,2.79,7.78,1
5.6,2.79,7.86,1
5.6,2.79,7.82,1
5.56,2.79,7.78,1
5.6,2.79,7.86,1
5.56,2.83,7.86,1
5.56,2.79,7.82,1
5.6,2.83,7.82,1
5.56,2.76,7.78,1
5.56,2.83,7.78,1
5.6,2.79,7.78,1
5.56,2.79,7.82,1
5.6,2.83,7.89,1
5.63,2.79,7.89,1
5.63,2.83,7.86,1
5.6,2.79,7.82,1
5.63,2.83,7.86,1
5.63,2.83,7.82,1
5.63,2.83,7.78,1
5.6,2.79,7.86,1
5.6,2.76,7.86,1
5.52,2.79,7.82,1
5.56,2.79,7.82,1
5.63,2.83,7.82,1
5.63,2.83,7.86,1
5.71,2.83,7.89,1
5.67,2.83,7.78,1
5.56,2.91,7.78,1
5.48,2.87,7.86,1
5.56,2.83,7.86,1
5.63,2.83,7.86,1
5.6,2.87,7.78,1
5.63,2.83,7.86,1
5.6,2.87,7.86,1
5.56,2.91,7.82,1
5.6,2.87,7.86,1
5.63,2.83,7.82,1
5.6,2.83,7.86,1
5.56,2.83,7.86,1
5.6,2.83,7.86,1
5.6,2.87,7.86,1
5.6,2.83,7.82,1
5.56,2.83,7.86,1
5.6,2.87,7.86,1
5.6,2.83,7.89,1
5.6,2.83,7.86,1
5.56,2.83,7.86,1
5.63,2.87,7.86,1
5.56,2.87,7.82,1
5.52,2.87,7.89,1
5.6,2.83,7.78,1
5.56,2.87,7.86,1
5.56,2.87,7.89,1
5.56,2.91,7.89,1
5.56,2.83,7.86,1
5.52,2.87,7.86,1
5.6,2.87,7.89,1
5.71,2.96,7.78,1
5.67,2.79,7.93,1
5.75,2.76,7.82,1
5.83,2.79,7.74,1
5.75,2.76,7.78,1
5.75,2.76,7.78,1
5.67,2.76,7.89,1
5.79,2.64,7.82,1
5.9,2.72,7.82,1
5.9,2.76,7.74,1
5.75,2.72,7.82,1
5.79,2.72,7.7,1
5.86,2.79,7.78,1
5.86,2.76,7.74,1
5.86,2.76,7.78,1
5.86,2.96,8.05,1
5.79,2.76,7.7,1
5.86,2.72,7.74,1
5.75,2.68,7.78,1
5.71,2.68,7.82,1
5.71,2.53,7.78,1
5.79,2.56,7.74,1
5.71,2.72,7.86,1
5.71,2.68,7.86,1
5.79,2.64,7.82,1
5.75,2.64,7.78,1
5.75,2.6,7.82,1
5.75,2.68,7.78,1
5.71,2.64,7.82,1
5.75,2.64,7.86,1
5.71,2.68,7.82,1
6.02,2.53,7.67,1
5.86,2.68,7.7,1
5.83,2.64,7.74,1
5.94,2.53,7.7,1
5.98,2.49,7.78,1
5.83,2.64,7.7,1
5.67,3.06,8.01,1
4.94,2.49,7.78,1
6.55,2.87,7.89,1
5.94,2.64,7.74,1
5.79,2.6,7.86,1
5.79,2.6,7.82,1
5.79,2.64,7.78,1
5.79,2.6,7.82,1
5.79,2.6,7.86,1
5.79,2.56,7.78,1
5.71,2.6,7.78,1
5.75,2.64,7.78,1
5.75,2.56,7.82,1
5.79,2.64,7.86,1
5.86,2.6,7.67,1
5.98,2.53,7.63,1
6.02,2.53,7.78,1
5.9,2.53,7.74,1
5.9,2.49,7.7,1
5.86,2.53,7.74,1
5.86,2.3,7.78,1
5.86,2.49,7.78,1
5.83,2.45,7.82,1
5.83,2.41,7.78,1
5.86,2.41,7.86,1
5.86,2.45,7.82,1
5.9,2.45,7.78,1
5.83,2.41,7.82,1
5.83,2.41,7.74,1
5.83,2.45,7.78,1
5.83,2.45,7.78,1
5.86,2.49,7.74,1
5.01,4.4,6.82,1
4.99,5.05,7.16,1
5.18,5.22,6.97,1
5.24,5.52,6.93,1
5.86,2.41,7.74,1
5.28,5.43,7.08,1
5.33,4.67,6.78,1
5.48,5.13,6.78,1
5.41,4.99,6.66,1
5.56,5.18,6.85,1
5.67,5.22,6.78,1
5.67,5.13,6.74,1
5.63,5.13,6.66,1
5.6,4.86,6.74,1
5.43,5.52,6.78,1
5.56,5.24,6.74,1
5.48,5.22,6.74,1
5.56,5.33,6.82,1
5.43,5.33,6.66,1
5.48,5.01,6.78,1
5.24,4.94,7.12,1
5.83,2.45,7.74,1
5.9,2.41,7.78,1
5.9,2.45,7.78,1
5.86,2.41,7.82,1
5.79,2.45,7.78,1
5.28,4.99,7.16,1
5.83,2.41,7.78,1
5.9,2.49,7.78,1
5.9,2.49,7.82,1
5.9,2.45,7.82,1
5.79,2.53,7.74,1
5.94,2.45,7.82,1
5.94,2.41,7.86,1
5.86,2.45,7.78,1
5.86,2.45,7.74,1
-2.72,15.6,1.7297841,2
3.26,3.57,-1.2666923,2
0.08,11.8,1.3756552,2
-2.6,6.63,0.6946377,2
-2.45,2.91,-1.7570249,2
3.34,4.4,-3.568531,2
5.05,8.62,-2.3426998,2
5.33,4.14,-3.8273177,2
5.9,4.63,5.134871,2
5.86,6.13,-4.0588636,2
5.48,11.07,-1.1168685,2
5.13,2.79,-3.1054392,2
3.17,8.05,0.95342433,2
0.69,8.54,1.7297841,2
1.46,9.11,1.2666923,2
2.98,11.18,0.9942854,2
-0.23,14.14,1.2666923,2
1.8,13.99,0.53119355,2
-3.79,13.91,-2.0294318,2
-2.41,14.29,3.336985,2
4.1,8.85,1.5390993,2
1.12,3.45,-0.38136974,2
-1.04,2.79,0.53119355,2
-1.27,7.25,-2.64,2
-2.07,3.26,1.1168685,2
-0.8,9.72,6.932757,2
1.12,16.25,11.985906,2
-1.14,8.58,3.255263,2
-3.45,17.5,1.0351465,2
3.34,3.38,-2.5333846,2
-1.57,10.23,2.5606253,2
-0.89,8.16,0.95342433,2
1.73,6.36,-0.14982383,2
0.95,7.86,0.95342433,2
0.38,9.58,1.6889231,2
2.15,11.73,1.0351465,2
1.8,5.52,4.75,2
-0.11,7.55,7.31,2
-3.79,5.86,8.08,2
-6.13,7.25,7.86,2
-6.17,10.99,-1.73,2
6.47,14.25,4.44,2
-5.94,9.38,7.12,2
-5.67,8.81,10.88,2
-1.88,1.99,11.37,2
-1.12,2.96,11.69,2
-1.73,1.46,7.4,2
-1.33,2.34,0.91,2
-1.31,5.09,0.57,2
-5.48,2.07,1.65,2
-4.67,4.9,4.86,2
-5.56,7.46,1.31,2
-8.66,7.27,9.96,2
-3.45,11.11,7.46,2
-4.75,9.72,7.55,2
-7.93,9.23,11.41,2
-5.67,6.02,5.28,2
-0.42,9.58,2.75,2
1.04,10.38,2.18,2
-1.54,6.24,4.94,2
-4.4,2.64,2.72,2
-3.87,5.43,1.61,2
-6.97,7.01,0.99,2
-9.51,9.23,1.31,2
-9.53,2.64,0.57,2
2.91,12.53,-5.67,2
-1.08,10.95,-4.02,2
2.03,9.28,-3.26,2
4.14,8.96,-3.3,2
1.12,10.04,-2.37,2
-2.34,9.89,-0.5,2
-1.65,9.53,-0.38,2
1.92,13.4,-0.89,2
5.05,16.21,-3.53,2
-5.48,13.82,0.08,2
-6.93,12.68,-0.99,2
-1.42,9.11,-6.51,2
-1.23,6.51,3.34,2
-0.91,5.24,-1.84,2
-2.14,4.06,-3.49,2
-3.17,4.48,0.34,2
6.82,15.24,3.02,2
6.63,13.14,7.93,2
-6.7,16.63,-3.95,2
-4.33,6.55,-4.25,2
-4.44,5.94,-2.41,2
-2.53,9.23,-3.6,2
-0.84,11.54,-5.13,2
0.99,8.85,-4.52,2
1.08,9.3,-1.33,2
2.18,9.92,-1.69,2
0.27,10.15,-2.11,2
-1.76,11.03,-1.33,2
-1.88,11.03,-1.33,2
1.73,12.22,-1.8,2
3.11,15.36,-2.37,2
1.73,12.87,9.62,2
-2.49,14.67,-1.99,2
-6.32,16.44,-3.06,2
-5.75,12.53,-10.57,2
1.04,4.33,-2.22,2
-1.92,5.43,4.14,2
-2.6,4.18,-4.56,2
-4.82,1.5,-2.53,2
5.05,15.05,5.56,2
5.22,4.52,1.4165162,2
5.48,6.82,-1.9477097,2
5.48,14.1,-5.13,2
5.71,8.12,-2.4925237,2
5.28,11.54,2.3,2
9.19,15.09,7.59,2
-6.4,16.17,-4.1,2
-5.37,7.35,-2.68,2
-5.09,8.2,-1.18,2
-1.65,8.54,-4.37,2
-0.61,10.15,-7.01,2
-7.89,7.89,1.334794,2
-5.33,-2.11,-3.3642259,2
-5.09,5.41,2.1111538,2
-6.47,9.7,-5.434519,2
-6.4,6.59,-8.689782,2
-7.89,7.89,1.334794,2
-5.09,5.41,2.1111538,2
-5.33,-2.11,-3.3642259,2
-3.3,0.15,-4.399372,2
-3.76,6.32,-2.4925237,2
-9.19,16.04,0.7218784,2
-12.15,17.88,1.4573772,2
-0.84,13.59,-1.4165162,2
-5.98,4.79,-4.2086873,2
-0.84,0.5,-6.932757,2
-4.4,-0.89,-3.1054392,2
-2.87,-3.45,-4.5628166,2
-5.05,3.17,-4.0180025,2
-4.67,12.64,1.0351465,2
-3.21,-0.19,-4.1814466,2
-6.05,15.85,-3.173541,2
-6.59,15.4,-7.6546354,2
-6.74,0.93,-8.471856,2
-5.94,7.31,3.5276701,2
-5.82,3.21,-0.9942854,2
-5.01,2.68,-2.2609777,2
-5.86,14.25,-4.4810944,2
-5.86,-0.27,-3.1463003,2
-5.48,15.32,-4.671779,2
-4.02,6.09,-3.336985,2
-4.14,14.33,-2.5333846,2
-4.1,11.18,-5.43,2
9.47,14.29,-5.33,2
-9.62,16.7,2.3018389,2
-0.04,16.51,7.89,2
-3.98,16.32,-5.52,2
-9.08,15.21,2.8330324,2
-7.01,10.08,-6.2108784,2
-6.85,4.14,-8.812365,2
-2.45,17.2,1.6480621,2
-5.09,-0.72,-6.932757,2
-1.27,6.24,-0.88532263,2
0.95,6.93,2.982856,2
0.31,8.01,-4.02,2
0.46,9.72,-1.53,2
1.8,11.3,-2.37,2
1.73,10.65,-2.41,2
-1.14,9.53,-0.04,2
-0.84,10.73,-0.23,2
-0.5,7.31,-7.3549876,2
-0.27,3.11,-3.445948,2
-2.34,9.19,-7.246025,2
-3.68,4.4,-1.4573772,2
-5.94,1.61,-2.7513103,2
-3.11,-3.83,-3.3642259,2
-3.68,0.72,-4.099725,2
-3.64,7.31,-3.9771416,2
-11.18,19.15,-1.7978859,2
-6.24,15.98,-5.47538,2
-6.4,8.58,-8.580819,2
-4.14,3.79,-3.9771416,2
-6.7,12.87,3.3778462,2
1.18,13.67,-0.61291564,2
0.72,14.18,-1.95,2
3.6,13.53,-1.04,2
0.08,13.99,2.96,2
0.38,5.52,-2.6832085,2
0.19,7.63,-6.5513873,2
0.46,4.48,-3.718355,2
-10.46,17.86,4.099725,2
-5.18,13.99,-1.14,2
-4.86,16.28,-3.02,2
-3.36,16.63,-13.29,2
-3.02,3.49,-0.88532263,2
-3.15,4.33,-0.84446156,2
-0.8,4.52,-5.79,2
-0.76,4.52,-6.782933,2
-0.3,8.12,-6.0882955,2
-1.84,4.79,-7.04172,2
-1.08,5.09,-2.6832085,2
-1.65,3.95,-3.1054392,2
-1.04,4.9,-0.19068487,2
-1.8,2.49,-2.79,2
-1.5,4.71,-2.1792557,2
-1.69,3.79,-2.1792557,2
-1.14,6.4,-2.070293,2
-1.69,4.14,0.27240697,2
-1.73,4.44,-2.982856,2
-2.22,4.37,-0.3405087,2
-2.64,5.71,-5.5571017,2
-2.96,3.79,-1.0760075,2
-2.6,4.86,-2.8738933,2
-2.18,4.52,-1.2258313,2
-2.14,4.86,-2.6423476,2
-2.79,4.37,-0.9125633,2
-2.72,4.63,-2.070293,2
-3.87,1.95,-3.02,2
-3.57,3.53,5.83,2
0.34,6.59,-7.504812,2
0.95,3.79,-3.3642259,2
1.18,3.6,-3.486809,2
1.8,4.63,0.19068487,2
1.73,9.04,-0.3405087,2
1.18,4.1,-3.405087,2
1.61,7.63,-2.3699405,2
2.72,9.11,-7.164303,2
2.15,3.49,-3.9090397,2
2.72,8.43,-0.8036005,2
2.79,3.53,-0.95342433,2
2.6,5.13,-3.8273177,2
3.79,15.6,7.5,2
3.87,11.22,-6.8237944,2
3.34,2.79,-4.0180025,2
3.57,10.31,-6.8237944,3
3.11,3.34,2.8738933,2
4.56,5.94,-1.3075534,2
4.37,9.34,-6.3198414,2
4.63,17.5,-0.5720546,2
4.63,16.93,-7.504812,2
4.14,3.64,3.173541,2
4.18,8.62,-0.7218784,2
5.6,6.05,-1.7570249,2
5.75,15.98,-1.3756552,2
5.79,4.33,-0.27240697,2
5.41,15.43,-8.390134,2
-8.35,13.67,-0.89,2
5.79,8.58,-2.4925237,2
5.9,4.6,-2.1792557,2
6.82,5.09,-2.6832085,2
6.44,15.66,-0.0,2
6.47,16.17,-7.205164,2
6.74,7.12,-1.0760075,2
6.13,11.22,-0.46309182,2
6.24,8.24,-0.14982383,2
7.35,12.83,6.24,2
7.46,12.72,-7.6546354,2
7.78,6.66,1.2258313,2
7.21,4.29,-1.1849703,2
7.4,11.14,-1.0351465,2
7.01,11.69,-2.5606253,2
7.82,9.81,0.313268,2
7.74,13.63,-0.8036005,2
7.27,5.48,-1.7297841,2
7.86,8.5,-2.5333846,2
7.46,5.22,-1.7978859,2
7.93,7.74,-1.9885708,2
7.35,8.77,-2.9147544,2
7.59,8.01,-3.336985,2
7.46,4.37,-1.8387469,2
7.16,11.03,-4.2904096,2
7.16,11.07,-2.1792557,2
7.93,9.7,2.9556155,2
7.67,8.01,-2.3426998,2
7.08,7.46,-1.2258313,2
7.5,7.25,-3.1463003,2
7.82,6.44,-2.9147544,2
7.89,7.5,-2.070293,2
7.63,4.06,-1.4573772,2
7.93,12.68,-4.2495484,2
8.01,10.92,-3.405087,2
8.39,10.76,-3.255263,2
8.12,4.6,-2.3018389,2
8.31,8.35,-1.0760075,2
8.54,6.82,0.10896278,2
8.39,7.59,-1.9477097,2
8.69,4.1,-0.9125633,2
8.2,9.62,-3.336985,2
8.16,10.34,-3.3642259,2
8.05,4.29,-1.2666923,2
8.05,19.34,16.32,2
8.08,18.85,17.35,2
8.81,8.2,2.6423476,2
8.58,11.6,-2.6423476,2
9,8.77,-5.8158884,2
9.15,8.24,-1.525479,2
9.23,7.74,0.95342433,2
9.51,3.34,5.012288,2
9.04,10.42,1.7297841,2
9.89,10.57,3.990762,2
9.15,11.37,-3.1463003,2
9.3,4.63,3.9499009,2
9.81,5.98,-0.08172209,2
10.69,10,2.4516625,2
10,8.31,3.255263,2
10.19,9.23,0.46309182,2
10.61,8.85,-0.29964766,2
10.95,8.69,0.5720546,2
11.54,8.2,-2.6423476,2
11.07,10.53,0.38136974,2
12.07,8.24,-2.0294318,2
12.68,9.58,-3.0645783,2
13.06,7.16,8.812365,2
13.14,6.4,6.0882955,2
13.14,10.69,6.5922484,2
15.51,10.15,6.0201936,2
15.83,8.66,9.343558,2
17.01,8.05,4.9850473,2
17.88,14.71,7.9679036,2
-4.44,12.3,-5.56,2
0.53,13.21,-5.09,2
-7.63,5.28,-1.04,2
-5.48,7.44,-0.23,2
-1.76,9.53,-2.41,2
-0.72,11.11,-6.59,2
1.08,9.3,-3.21,2
1.08,9.3,-3.21,2
1.54,9.11,-1.42,2
-0.38,9.66,-2.26,2
-3.3,11.56,-1.5,2
-1.08,12.22,-0.91,2
2.72,14.41,1.38,2
2.64,12.76,2.11,2
-3.17,14.67,-1.18,2
-7.16,16.13,-3.91,2
-7.12,14.9,-10.92,2
0.72,5.01,-5.28,2
-2.64,5.05,5.43,2
-1.23,3.49,-3.53,2
-4.1,1.76,-5.18,2
-3.76,11.96,2.83,2
13.76,16.59,12.03,2
-5.37,7.06,-4.02,2
-2.87,16.59,-6.74,2
-2.72,5.63,-3.26,2
-4.99,6.28,-0.53,2
-2.91,9.85,-2.03,2
-2.56,10.12,-4.21,2
-1.04,8.5,-1.99,2
1.18,9.28,-2.56,2
-0.46,9.34,-2.6,2
-3.36,11.41,-2.03,2
0.69,6.24,-0.8036005,2
0.76,7.74,1.56634,2
2.6,9.34,1.6889231,2
2.34,12.49,1.4573772,2
0.38,13.8,1.5390993,2
0.53,12.72,0.10896278,2
-4.63,16.36,-0.84446156,2
-0.19,12.95,4.0180025,2
2.91,5.94,1.1441092,2
0,15.4,10.691973,2
1.04,10.61,8.921328,2
-1.84,17.67,1.7978859,2
-1.38,8.05,2.5606253,2
-0.46,5.56,0.040861044,2
1.46,8.47,1.920469,2
1.31,7.97,0.61291564,2
-7.12,13.44,-0.53119355,2
-4.63,13.44,0.61291564,2
2.96,10.65,2.3018389,2
1.8,5.18,0.5039528,2
-1.23,2.68,0.313268,2
-1.84,6.51,3.8273177,2
-1.12,17.54,14.47843,2
-3.57,3.21,-3.568531,2
5.22,11.03,-2.4108016,2
-0.84,6.32,3.9090397,2
-0.65,13.91,0.61291564,2
-0.19,7.08,1.3756552,2
0.84,7.25,0.7218784,2
-2.64,16.74,-1.2666923,2
-6.78,19.46,0.14982383,2
-1.33,14.94,2.4925237,2
-1.8,11.45,-0.15,2
1.65,9.77,1.9477097,2
1.84,6.55,-1.334794,2
-1.42,2.6,-1.879608,2
-0.76,1.42,-0.08172209,2
-2.64,6.55,4.2904096,2
-3.34,17.67,14.982383,2
1.38,6.63,-3.7864566,2
0.27,7.44,-0.14982383,2
-2.22,2.53,-2.6423476,2
-0.46,2.15,0.92618364,2
3.3,13.91,0.04,2
2.45,14.52,2.26,2
-2.98,12.6,1.84,2
-6.09,14.37,-3.34,2
-9.43,15.66,-5.2,2
-4.06,8.92,-9.04,2
-4.37,17.24,1.0760075,2
2.15,7.25,-2.6423476,2
1.18,13.57,2.3018389,2
0.08,13.06,0.10896278,2
-1.92,15.6,-2.7921712,2
-3.34,10.57,0.6537767,2
2.34,8.43,-2.982856,2
-1.84,8.66,2.5333846,2
-6.02,16.09,1.4165162,2
2.26,4.02,-1.525479,2
-0.53,2.15,-1.879608,2
1.18,13.02,-0.8036005,2
-0.19,2.56,-1.7570249,2
-2.87,9.53,0.6946377,2
2.18,7.12,-2.3426998,2
-1.46,9.96,2.070293,2
-1.46,6.7,-0.7218784,2
1.54,10.27,1.879608,2
0.04,16.21,-3.255263,2
0.34,8.08,-0.42223078,2
1.38,9.89,1.4982382,2
4.63,11.6,1.7297841,2
4.02,12.15,1.2666923,2
-0.5,8.85,2.8738933,2
4.02,12.15,1.2666923,2
-7.25,17.92,2.5333846,2
4.21,10.61,2.1792557,2
0.89,4.94,-1.334794,2
-1.08,0.65,-2.2201166,2
1.27,4.37,7.89,2
0.57,9.51,1.7570249,2
1.5,11.18,2.070293,2
-1.53,4.86,-1.46,2
-1.5,4.02,-2.2201166,2
-1.5,4.4,0.313268,2
-1.76,3.68,-2.3018389,2
-1.65,3.15,-2.3018389,2
-2.64,3.68,-4.4,2
-3.87,3.57,-1.99,2
9.51,17.97,8.58,2
-0.08,3.91,-2.7921712,2
-0.34,3.95,-2.070293,2
-0.65,3.95,-0.0,2
-0.15,15.47,4.4,2
-8.43,13.76,-3.98,2
-3.76,-2.41,-4.25,2
-7.12,5.13,-3.11,2
-4.29,13.18,-3.02,2
-2.64,12.64,-3.98,2
2.03,8.54,-3.79,2
2.15,10.08,-2.11,2
1.38,9.08,-0.8,2
-2.6,9.92,-1.73,2
-4.56,10.8,-1.23,2
-2.03,10.57,-0.5,2
1.46,14.06,-0.99,2
2.26,14.29,-2.75,2
-4.37,10.65,2.11,2
-6.21,12.68,0.11,2
-7.7,13.25,-4.82,2
-5.2,9.62,-6.02,2
3.38,5.43,1.14,2
-1.99,5.41,-0.69,2
-2.34,4.25,-3.57,2
-3.79,3.95,-3.41,2
9.53,17.67,6.32,2
2.56,12.22,6.78,2
-8.01,16.36,-4.52,2
-4.75,4.14,-3.3,2
-5.05,4.6,-3.41,2
-3.98,11.07,-5.86,2
-2.26,9.72,-5.63,2
-0.46,8.58,-3.11,2
0.15,10.34,-0.84,2
1.27,10.04,-2.07,2
-2.45,10.42,-1.04,2
-3.21,10.31,-0.95,2
0.53,11.3,-0.53,2
2.76,14.06,-1.23,2
1.69,14.06,-1.5,2
-4.06,11.96,3.21,2
-6.09,13.63,-3.79,2
-9.49,14.75,-4.4,2
-2.26,7.93,-8.12,2
0.65,5.22,6.28,2
-1.69,5.24,-1.38,2
-2.72,3.17,-5.82,2
-4.56,5.09,-1.5,2
10.5,18.12,7.89,2
1.14,8.85,5.48,2
-6.78,16.66,-5.09,2
-4.37,6.66,-5.52,2
-6.89,6.32,-3.34,2
-4.25,8.81,-2.26,2
-3.91,9.28,-3.57,2
-1.88,9.04,-3.72,2
0.42,10.04,-2.18,2
2.37,11.6,-3.72,2
0.76,10,-1.27,2
-2.56,10.99,-1.38,2
-1.53,10.95,-0.15,2
2.15,13.99,-0.08,2
1.69,13.8,0.23,2
-2.91,12.15,0.95,2
-5.9,13.95,-3.41,2
-8.69,15.02,-5.2,2
-3.76,9.77,-8.92,2
0.38,6.51,7.78,2
-2.22,5.24,-0.8,2
-2.56,3.17,-5.13,2
-4.1,2.18,-2.91,2
5.52,17.2,7.74,2
3.45,11.75,5.98,2
-6.32,17.16,-4.52,2
-2.98,4.06,-3.76,2
-6.82,5.79,-3.11,2
-4.4,10.19,-1.33,2
-2.6,12.34,-4.02,2
0.65,7.7,-4.79,2
1.14,8.77,-2.64,2
0.27,10.08,-2.79,2
-1.61,9.96,-1.84,2
-3.64,11.3,-1.57,2
-1.08,11.14,-0.61,2
-0.04,13.67,1.57,2
-4.25,11.92,1.42,2
-5.52,12.91,-3.95,2
-8.39,15.13,-5.43,2
-3.76,9.28,-9.15,2
-0.19,5.18,7.93,2
-1.57,4.71,-1.84,2
-2.64,1.84,-6.09,2
-4.75,5.56,-1.33,2
12.3,19.34,10,2
0,7.78,2.41,2
-7.12,14.25,-4.44,2
-2.75,8.58,-4.33,2
-4.79,6.51,-2.91,2
-3.11,8.62,-0.76,2
-3.02,9.58,-4.44,2
-2.07,7.82,-3.45,2
-2.07,7.82,-3.45,2
0.04,9.38,-2.56,2
0.34,11.03,-3.68,2
-1.76,10.53,-0.99,2
-1.99,11.26,-0.99,2
1.04,11.96,-0.15,2
0.84,13.67,0.61,2
-0.53,12.87,1.99,2
-2.75,12.83,-0.89,2
-6.63,15.09,-5.37,2
-6.89,13.59,-8.12,2
0.93,6.7,-4.29,2
-3.06,6.13,5.43,2
-1.8,4.37,-3.87,2
-4.33,1.27,-5.33,2
-5.63,11.03,3.95,2
12.79,16.93,7.89,2
-3.26,9.92,-2.45,2
-2.45,15.21,-5.9,2
-4.4,2.72,-3.98,2
-6.17,7.89,-0.91,2
-4.33,9.43,-2.03,2
-4.06,8.89,-3.49,2
-1.61,9.47,-3.83,2
1.88,10.34,-3.95,2
1.76,10.27,-3.64,2
-1.04,10.92,-1.33,2
-1.99,12.22,-1.38,2
1.14,12.37,1.18,2
-0.53,14.14,2.83,2
-0.84,13.33,0.23,2
-3.06,13.63,-2.14,2
-6.7,14.86,-4.63,2
-6.85,14.33,-11.03,2
-0.95,4.86,3.38,2
-2.75,4.9,1.46,2
-2.14,3.83,-4.21,2
-4.59,2.11,-3.72,2
-3.02,13.76,6.85,2
12.3,16.44,7.93,2
-5.75,11.3,-1.99,2
-4.59,12.07,-3.72,2
-4.18,6.47,-3.45,2
-3.72,7.46,-2.75,2
-2.49,9.58,-3.83,2
-1.95,8.39,-4.56,2
-0.91,9.3,-2.37,2
0.69,11.03,-1.76,2
0.65,10.38,-2.68,2
-2.26,10.27,-1.12,2
-2.18,10.99,-1.18,2
0.76,13.29,0.23,2
1.5,15.17,-1.14,2
-1.12,12.03,2.76,2
4.29,5.56,-1.7978859,2
4.56,4.56,-3.9771416,2
4.6,-0.72,2.4516625,2
-4.56,13.91,-2.14,2
-7.5,13.91,-4.71,2
-5.28,12.6,-11.07,2
0.61,5.13,2.49,2
-3.34,4.82,1.12,2
-2.75,3.6,-4.25,2
-4.02,2.03,-3.15,2
4.67,15.94,7.7,2
3.79,12.26,7.55,2
-8.2,14.94,-3.98,2
-4.18,8.58,-3.64,2
-4.82,6.17,-2.11,2
-2.26,7.5,-3.76,2
-2.79,11.41,-6.24,2
-0.91,9.23,-3.98,2
0.38,8.92,-2.14,2
0.8,10.65,-1.46,2
0.38,10.61,-1.92,2
-2.68,11.26,-1.69,2
-0.95,11.6,-0.46,2
0,12.98,1.95,2
-0.65,13.38,-1.27,2
0.93,11.26,0.08,2
-4.52,13.33,-1.31,2
-8.62,15.98,-5.28,2
-5.67,11.6,-11.3,2
0.5,5.9,7.21,2
-1.88,4.29,-0.08,2
-2.26,1.92,-5.98,2
-4.52,3.68,-2.37,2
10.38,18.05,10.57,2
0.27,9.11,3.26,2
-9,14.06,-4.44,2
-3.26,9.66,-4.37,2
-4.44,6.13,-2.22,2
-3.26,7.5,-1.27,2
-2.64,10.95,-5.37,2
-1.23,9,-4.21,2
0.31,8.89,-2.03,2
1.31,10.5,-2.37,2
1.31,9.7,-1.84,2
-0.15,5.75,-3.57,2
-0.08,10.12,-2.03,2
-3.45,11.03,-1.84,2
-3.76,1.69,-5.33,2
-3.02,0.72,-5.28,2
6.93,18.7,14.63,2
-1.27,4.94,-1.27,2
-7.04,16.21,3.53,2
-8.69,2.11,-4.59,2
-4.79,13.4,-6.21,2
3.6,14.52,-4.37,2
-3.34,11.3,-1.04,2
0.84,12.15,2.37,2
0.84,14.25,-1.42,2
2.3,12.07,-1.61,2
-5.33,14.06,-0.89,2
-10.11,16.17,-4.48,2
-4.75,9,-10.8,2
-0.65,6.28,6.02,2
0.65,16.63,9.34,2
-0.15,13.91,0.65,2
-5.43,13.91,-1.92,2
1.73,9.08,-2.22,2
-0.8,5.01,-3.36,2
3.64,14.14,14.67,2
1.99,15.83,9.62,2
-1.65,7.35,-3.91,2
-11.73,10.88,3.53,2
-6.74,5.94,-5.09,2
-3.06,4.25,-1.14,2
-2.75,1.54,-4.82,2
-4.67,4.86,-1.99,2
14.44,19.46,9.28,2
-1.88,8.69,1.14,2
4.4,14.52,-5.79,2
5.48,12.53,0.72,2
2.6,13.76,5.28,2
-1.23,14.1,-2.75,2
-3.98,17.69,-3.41,2
-6.74,12.53,-1.8,2
-3.91,1.27,-4.99,2
-5.82,14.67,-5.82,2
-4.21,3.45,-3.3,2
-6.97,8.31,-2.37,2
-4.86,10.27,-3.68,2
-3.36,8.92,-4.21,2
-0.61,9.15,-3.95,2
1.33,10.88,-2.07,2
1.38,10.5,-3.36,2
-0.61,10.88,-1.61,2
-0.3,5.86,2.91,2
-1.04,12.64,-1.88,2
1.65,12.18,1.99,2
-0.11,13.57,0.8,2
-1.99,13.14,-0.34,2
-5.37,13.59,-2.45,2
-9.66,14.86,-4.75,2
-6.55,12.07,-10.84,2
3.6,7.67,6.44,2
-2.75,4.48,-0.27,2
-2.11,2.56,-3.68,2
-2.98,1.54,-4.21,2
7.59,16.09,5.6,2
3.26,10.8,9.08,2
-6.82,13.8,-6.17,2
-1.18,9.19,-5.94,2
-5.86,5.75,-1.92,2
-4.82,8.16,-0.15,2
-3.15,10.99,-3.76,2
-1.31,9.15,-4.67,2
0.46,8.58,-3.57,2
0.93,10.23,-2.49,2
0.08,9.58,-2.87,2
-2.72,11.3,-1.8,2
-2.3,12.07,-1.61,2
1.57,12.37,0.76,2
0.61,13.21,0.84,2
0.89,12.6,0.23,2
-4.67,13.72,-1.42,2
-8.73,14.9,-5.48,2
-8.73,12.11,-8.69,2
3.57,6.32,-0.15,2
-3.64,5.67,2.11,2
-2.64,3.49,-3.91,2
-3.45,1.31,-4.86,2
1.88,14.25,3.95,2
8.81,13.87,12.3,2
-7.27,11.73,-5.09,2
-4.82,11.11,-4.71,2
-5.09,6.09,-2.41,2
-3.15,8.01,-3.45,2
-3.26,9.7,-3.57,2
-1.76,8.43,-4.33,2
-0.11,9.62,-3.68,2
0.8,10.92,-1.73,2
0.84,10.31,-2.87,2
-1.65,10,-0.84,2
-1.95,11.35,-1.38,2
0.65,12.49,0,2
0.04,13.91,-1.42,2
0.34,12.37,-1.61,2
-3.06,10.23,0.57,2
-5.71,12.6,-3.06,2
-8.85,15.13,-4.29,2
0.5,8.77,-8.39,2
-2.98,6.09,4.82,2
-3.02,4.56,-1.99,2
-3.26,1.61,-4.71,2
-4.71,9.23,2.07,2
14.94,18.01,10.73,2
-4.44,12.37,-3.3,2
-5.18,9.81,-4.86,2
-5.98,4.21,-3.57,2
-5.2,9.58,-2.11,2
-2.83,10.27,-3.6,2
-0.19,8.62,-4.75,2
-0.5,8.92,-2.75,2
0.69,10.84,-2.14,2
1.04,10.23,-2.79,2
-1.69,9.34,-1.42,2
-3.49,10.57,-1.73,2
-1.23,11.92,-1.65,2
0.23,13.48,-1.65,2
-0.11,12.79,-2.3,2
0.42,9.19,0.34,2
-4.44,11.8,1.08,2
-7.01,13.91,-4.37,2
-5.28,13.59,-8.77,2
0.08,7.16,2.56,2
-3.11,5.33,-1.27,2
-2.98,3.76,-4.29,2
-4.52,1.54,-2.83,2
10.19,16.47,2.98,2
5.63,11.11,10.46,2
-7.93,14.6,-4.75,2
-4.21,8.89,-5.6,2
-5.13,5.79,-2.72,2
-4.37,9.34,-1.73,2
-3.17,9.28,-5.13,2
-1.42,8.47,-4.82,2
0.34,9.92,-1.84,2
-2.3,10.69,-1.53,2
-1.57,12.18,-1.69,2
-0.61,11.5,0.93,2
-1.14,13.44,-2.03,2
1.04,11.75,-1.65,2
-2.11,11.26,-0.69,2
-6.78,13.67,-3.36,2
-9.3,15.36,-9.49,2
2.72,6.24,0.57,2
-3.26,5.71,0.61,2
-2.75,3.53,-3.45,2
-4.06,1.69,-3.34,2
0.99,14.48,3.87,2
11.14,13.87,7.67,2
-8.81,14.25,-2.49,2
-5.94,8.16,-4.48,2
-5.56,6.59,-3.41,2
-3.53,9.08,-3.57,2
-2.14,9.53,-4.82,2
-1.88,8.35,-4.82,2
-0.04,9.7,-2.83,2
0.61,11.22,-3.11,2
0.34,10.69,-1.99,2
-2.34,12.45,-1.33,2
0.69,12.22,-0.42,2
2.53,13.53,3.11,2
-0.65,13.59,-2.41,2
-3.45,12.37,-1.5,2
-6.17,13.53,-4.1,2
-8.73,14.98,-7.7,2
-1.99,6.66,-8.35,2
-2.98,6.47,5.6,2
-1.99,3.91,-1.88,2
-3.6,1.95,-5.41,2
-3.64,10.46,5.75,2
14.82,16.78,5.37,2
-6.21,6.74,-2.45,2
-6.32,14.75,-5.28,2
-3.79,6.74,-3.26,2
-4.37,8.05,-1.23,2
-2.37,9.72,-3.34,2
-1.5,8.39,-5.37,2
-2.11,7.27,-2.56,2
-0.38,10.76,-2.83,2
-0.19,10.38,-3.49,2
-2.26,11.54,-1.53,2
-0.89,13.06,-1.61,2
4.33,13.99,2.76,2
-0.27,14.02,-0.61,2
-3.02,12.64,-1.31,2
-6.51,13.8,-4.18,2
-12.79,15.47,-7.12,2
-2.45,6.97,4.1,2
-1.23,4.63,-2.56,2
-3.21,1.69,-4.25,2
-2.56,2.41,2.64,2
13.14,19.42,4.67,2
-0.57,6.78,0.57,2
-4.1,17.31,-4.33,2
-3.15,3.95,-2.87,2
-7.74,9.38,-2.3,2
-2.96,8.77,-0.53,2
-1.8,10.46,-4.75,2
0.42,8.08,-4.9,2
0.5,9.04,-1.5,2
0.61,10.34,-2.45,2
0.11,9.43,-3.6,2
-2.56,11.41,-1.57,2
-1.8,12.72,-1.92,2
0.69,14.67,0.53,2
1.99,13.38,4.37,2
-0.95,12.34,-0.95,2
-5.9,14.18,-3.53,2
-8.47,14.33,-6.32,2
-4.67,10.31,-10.8,2
-1.33,7.89,8.47,2
-2.11,4.02,-2.26,2
-2.64,1.92,-6.02,2
-4.21,3.06,-1.88,2
13.18,18.12,8.24,2
1.12,8.5,4.56,2
-7.44,14.1,-4.63,2
-2.91,7.93,-3.95,2
-5.56,8.12,-3.17,2
-2.87,8.85,-1.57,2
-1.88,9.53,-4.71,2
-0.99,8.73,-3.17,2
-0.15,8.28,-1.57,2
-0.99,10.27,-3.53,2
-2.34,12.18,-1.08,2
1.5,14.18,-0.95,2
3.53,14.6,2.3,2
-1.18,13.29,1.12,2
-4.86,11.65,-1.27,2
-6.74,11.99,-4.18,2
-9,12.79,-4.14,2
2.98,7.46,-2.96,2
-3.79,6.36,2.79,2
-1.73,4.44,-3.36,2
-3.98,2.64,-3.26,2
0.46,10.99,4.75,2
10.04,15.17,11.92,2
-6.28,7.25,-3.72,2
-4.63,12.49,-4.21,2
-1.84,8.5,-3.21,2
-3.53,7.25,-2.68,2
-2.41,9.08,-2.79,2
-2.79,8.28,-3.98,2
-1.5,9.23,-2.68,2
-0.89,9.92,-1.42,2
-0.95,10.42,-2.56,2
-1.76,10.61,-1.38,2
-0.42,11.22,-2.03,2
1.27,13.44,-0.76,2
1.73,14.41,-0.27,2
-0.5,12.49,4.02,2
-0.53,7.5,4.75,2
-3.53,12.34,-0.89,2
-6.24,13.25,-4.71,2
-8.58,14.33,-5.86,2
1.69,7.82,-4.56,2
-3.15,5.43,3.79,2
-1.95,3.53,-3.11,2
-4.18,2.79,-4.44,2
-1.8,8.5,3.53,2
12.87,17.67,10.92,2
-4.86,11.11,-2.37,2
-4.29,9.81,-4.29,2
-5.75,7.12,-4.18,2
-4.99,10.04,-2.26,2
-1.69,9.34,-2.6,2
-0.38,9.7,-3.87,2
1.46,8.73,-4.48,2
0.57,9.85,-2.18,2
0.42,10.04,-2.18,2
-0.8,9.3,-2.22,2
-2.87,11.26,-1.57,2
-0.27,11.03,-1.33,2
0.04,13.8,-1.92,2
1.31,13.8,1.14,2
-0.99,11.92,3.64,2
-5.79,14.29,-4.18,2
-7.93,16.74,-7.59,2
-0.57,9.15,-8.73,2
-2.72,7.12,7.93,2
-1.95,4.21,-3.45,2
-2.75,1.23,-5.48,2
-4.4,3.45,-2.83,2
12.34,19.53,11.88,2
-1.5,8.47,-0.04,2
-1.57,15.7,-5.2,2
-2.03,4.33,-4.18,2
-8.39,9.53,-2.07,2
-4.9,8.92,0.19,2
-3.79,9.04,-4.59,2
-1.61,9.3,-5.24,2
0.57,9.96,-2.75,2
2.03,10.31,-3.3,2
0.42,9.81,-2.64,2
-2.72,10.88,-1.42,2
-1.92,11.88,-1.61,2
1.65,13.21,-0.11,2
2.83,14.14,2.07,2
-0.76,12.53,1.42,2
-3.6,13.72,-3.68,2
-8.96,15.7,-5.63,2
-9.7,11.35,-8.05,2
3.87,7.31,1.76,2
-3.6,6.09,1.18,2
-2.34,2.98,-4.14,2
-3.26,1.42,-2.11,2
3.3,11.8,5.63,2
-6.36,12.45,-5.28,2
-3.3,9.66,-3.95,2
-4.75,7.31,-2.64,2
-3.49,8.43,-2.64,2
-2.49,8.2,-4.79,2
-4.1,8.16,-4.44,2
-0.95,9.3,-2.83,2
0.27,11.14,-2.37,2
1.38,11.5,-3.49,2
-0.23,10.31,-1.04,2
-1.08,12.6,-2.07,2
1.18,12.53,-0.04,2
0.31,13.38,0.69,2
-2.22,12.26,0.57,2
-2.96,11.92,-2.03,2
-5.43,14.44,-4.14,2
-7.74,15.02,-7.78,2
-1.12,7.01,-2.64,2
-2.91,5.71,-0.84,2
-1.95,2.53,-3.3,2
-3.02,0.65,-2.37,2
8.47,13.63,2.72,2
2.03,11.5,10.19,2
-6.89,12.68,-6.05,2
0.46,10.92,-4.59,2
-5.48,7.93,-1.27,2
-1.33,7.78,-1.88,2
-2.34,10.65,-4.67,2
-1.61,8.35,-4.67,2
-0.38,8.05,-3.79,2
-1.23,10.76,-2.83,2
-0.69,10.38,-2.34,2
-1.76,12.34,-1.88,2
0.99,12.83,-1.65,2
3.02,13.91,5.43,2
3.02,17.58,-7.6273947,2
1.27,12.15,-1.69,2
0.31,13.18,-2.49,2
-5.94,14.9,-3.3,2
-10.57,15.05,-7.89,2
-0.5,6.24,-3.95,2
-2.83,6.44,2.3,2
-1.38,5.71,-2.3,2
-4.4,1.33,-3.79,2
-5.94,7.86,0.38,2
15.66,18.58,5.67,2
-1.92,6.59,0.31,2
-6.55,15.64,-4.82,2
-3.3,6.97,-2.72,2
-3.68,8.16,-2.72,2
-2.14,8.24,-2.83,2
-2.72,9.11,-4.67,2
-1.38,8.16,-3.17,2
-0.27,9.53,-1.76,2
-0.5,10.65,-3.02,2
-2.41,10.34,-1.5,2
-2.75,11.3,-1.33,2
0.72,12.95,-0.72,2
3.99,14.52,-1.18,2
-1.31,11.92,3.64,2
-4.33,12.87,-1.84,2
-6.13,13.4,-4.14,2
-8.27,13.63,-7.93,2
0.72,7.55,-3.36,2
-3.57,6.51,2.72,2
-1.53,3.91,-2.45,2
-3.49,1.27,-3.98,2
-1.33,9.77,0.53,2
12.11,17.24,13.44,2
-4.56,7.97,-5.86,2
-4.1,13.14,-5.6,2
-5.28,6.51,-3.3,2
-3.83,9.47,-1.08,2
-0.91,7.78,-2.34,2
-3.72,8.58,-4.4,2
-0.91,8.35,-2.91,2
-0.23,10.8,-1.73,2
0.61,10.99,-3.76,2
-0.42,9,-1.23,2
-2.34,12.37,-1.95,2
0.34,13.02,0.19,2
1.8,13.59,0.19,2
-0.76,11.65,3.02,2
-4.82,14.21,-2.45,2
-7.27,14.18,-4.59,2
-4.63,11.56,-12.03,2
-0.15,8.47,7.25,2
-2.83,5.13,-0.61,2
-2.45,2.34,-4.86,2
-3.36,1.76,-2.91,2
4.79,14.75,2.68,2
6.05,13.29,12.15,2
-7.08,11.84,-5.56,2
-2.64,11.18,-4.99,2
-4.37,5.41,-2.68,2
-3.53,7.7,-1.46,2
-2.83,10.57,-1.92,2
-1.73,8.66,-4.75,2
-0.42,8.31,-2.87,2
-0.04,10.69,-2.45,2
0.11,9.72,-2.91,2
-2.26,9.92,-1.27,2
-2.49,11.99,-1.8,2
0.69,12.49,-1.08,2
0.38,14.1,0.38,2
1.23,12.87,3.64,2
-2.14,13.06,-0.69,2
-6.09,13.53,-4.44,2
-8.54,14.75,-7.65,2
-1.08,6.97,-7.27,2
-2.41,6.55,6.17,2
-2.26,4.6,-3.53,2
-4.21,2.37,-4.86,2
-4.44,8.12,0.53,2
-4.48,2.53,-5.37,2
-3.79,1.04,-4.99,2
15.13,19.04,11.8,2
-2.6,8.54,-2.98,2
-4.48,15.28,-4.18,2
-3.34,4.63,-3.15,2
-6.02,7.08,-3.17,2
-3.83,9.81,-2.53,2
-1.99,9.28,-3.3,2
0.27,9.85,-3.36,2
1.54,10.65,-1.99,2
0.65,9.38,-2.45,2
-2.98,9.92,-1.08,2
-3.6,10.23,-1.23,2
-0.84,12.3,-0.69,2
0.69,14.37,-1.84,2
2.3,13.38,0.57,2
-4.06,12.03,3.17,2
-5.86,13.25,-4.79,2
-8.24,12.76,-5.52,2
0.46,7.55,-6.17,2
-2.79,6.51,5.71,2
-2.18,4.82,-3.17,2
-2.56,2.6,-5.41,2
-3.57,7.01,0.65,2
14.21,19.53,8.89,2
-1.76,7.7,0.76,2
-7.16,12.03,-4.37,2
-2.22,10.5,-5.33,2
-4.79,8.05,-2.37,2
-3.41,7.46,-1.88,2
-2.83,9.66,-3.3,2
-1.46,8.35,-4.94,2
0.27,9.04,-2.45,2
0.53,11.73,-2.64,2
0.38,10.15,-1.5,2
-1.99,10.08,-1.31,2
-1.5,10.57,-1.53,2
0.27,11.22,-0.95,2
0,13.67,-2.07,2
0.42,15.02,-1.46,2
-2.56,10.61,4.99,2
-5.94,12.95,-2.75,2
-6.55,12.53,-7.01,2
0.53,9.51,-9.04,2
-3.21,6.59,6.02,2
-2.64,4.1,-3.02,2
-3.72,2.76,-5.52,2
-4.71,7.16,-0.69,2
15.98,19.57,7.27,2
-0.61,6.7,2.68,2
-7.12,11.96,-4.94,2
-0.8,13.76,-8.39,2
-3.02,4.48,-1.65,2
-4.82,7.78,0.27,2
-3.6,9.47,-2.37,2
-2.41,9.89,-4.63,2
-0.27,8.89,-3.17,2
-0.76,9.85,-2.34,2
-0.53,9.28,-3.02,2
-2.68,10.53,-2.07,2
-0.42,11.88,-1.57,2
2.68,13.82,-0.72,2
1.73,14.86,5.41,2
-0.72,11.92,1.08,2
-0.72,11.92,1.08,2
-4.37,14.14,-3.98,2
-10.08,13.57,-2.34,2
-1.27,11.54,-13.82,2
-1.31,8.28,11.5,2
-1.5,4.67,-4.14,2
-4.18,2.18,-3.17,2
0.76,14.71,4.18,2
9.51,14.67,12.34,2
5.33,5.37,-2.7921712,2
3.95,9.47,-1.7297841,2
3.49,11.92,-6.851035,2
-5.28,6.97,-5.43,2
-0.53,17.12,-6.74,2
-2.49,4.56,-0.95,2
-6.82,7.89,-0.89,2
-3.26,8.16,-0.42,2
-2.83,10.08,-3.79,2
-0.65,10.53,-4.4,2
0.84,8.89,-2.53,2
1.27,10.42,-2.64,2
-0.72,9.43,-2.37,2
-3.15,9.66,-1.38,2
-2.45,10.34,-0.95,2
0.04,12.18,-0.99,2
0.65,13.82,-2.03,2
0.93,13.33,0.84,2
-1.73,10.53,3.38,2
-4.99,13.72,-3.11,2
-7.25,13.53,-7.4,2
-1.18,9.19,-11.41,2
-0.76,9.3,8.5,2
-3.21,5.56,-1.76,2
-3.98,3.02,-4.79,2
-4.94,3.6,-2.72,2
9.81,18.62,7.12,2
4.82,10.12,5.83,2
-5.9,15.43,-4.75,2
-2.79,9.04,-5.71,2
-4.25,3.57,-2.26,2
-3.6,9.38,-3.53,2
-2.14,9.11,-2.83,2
0.31,9.38,-3.11,2
1.65,11.3,-2.87,2
0.61,9.34,-1.95,2
-2.56,9.7,-1.27,2
-1.61,9.62,-0.84,2
0.08,12.11,-0.72,2
0.08,14.44,-2.07,2
-0.15,13.59,-0.89,2
-5.28,11.54,3.15,2
-7.82,10.95,0.19,2
-6.17,12.98,-11.07,2
3.17,9.62,3.79,2
-3.91,6.66,1.57,2
-2.26,4.29,-4.29,2
-2.91,2.22,-2.68,2
3.57,13.44,2.03,2
5.94,14.67,13.53,2
-4.48,7.12,-3.64,2
1.12,15.83,-7.04,2
-1.08,5.01,-1.23,2
-8.85,8.43,-0.46,2
-2.45,8.08,-0.46,2
-1.33,11.14,-4.02,2
0.69,10,-4.71,2
0.61,8.77,-2.03,2
0.46,10,-2.98,2
-1.53,9.11,-2.3,2
-3.76,10.31,-2.26,2
-2.07,10.8,-0.72,2
0.72,13.4,-1.38,2
2.56,14.41,-1.8,2
-1.5,11.6,7.12,2
-4.4,13.33,-2.96,2
-9.81,12.95,-4.44,2
-2.96,10.04,-10.69,2
1.84,9.15,8.01,2
-2.75,5.71,-2.11,2
-3.34,3.02,-5.82,2
-3.76,2.96,-2.34,2
6.63,15.43,4.33,2
5.75,12.87,11.54,2
-8.5,8.77,-5.56,2
-3.91,14.98,-8.05,2
-2.68,4.75,-2.53,2
-4.75,7.59,-0.89,2
-3.11,8.5,-1.46,2
-3.06,9.51,-4.67,2
-0.89,9.47,-5.01,2
0.61,9.81,-3.53,2
0.31,11.73,-2.56,2
-0.11,9.7,-1.46,2
-1.14,10.92,-1.92,2
0.95,10.5,-0.76,2
-0.8,13.02,-0.38,2
-0.76,13.33,-0.57,2
-1.8,11.37,1.88,2
-3.79,13.14,-2.72,2
-10.5,14.29,-4.25,2
-2.11,9.85,-9.89,2
0.72,9.04,8.39,2
-1.38,5.94,-1.99,2
-2.83,2.49,-6.17,2
-4.94,1.95,-2.41,2
4.99,13.8,3.17,2
4.79,9.53,-1.4982382,2
4.21,9.43,-0.5720546,2
6.7,11.69,1.6889231,2
10.27,13.21,5.012288,2
9.38,8.81,1.334794,2
5.24,17.62,-0.7627395,2
0,18.47,-3.445948,2
-0.99,7.5,0.88532263,2
2.41,13.44,-3.3642259,2
0.04,6.66,-2.8330324,2
1.38,9.11,-0.42223078,2
3.53,10.61,-1.7297841,2
2.37,7.08,-1.6480621,2
8.2,13.8,12.49,2
-6.17,14.21,-5.86,2
-1.53,8.28,-5.18,2
-5.75,6.97,-2.14,2
-4.48,8.12,-0.91,2
-2.53,9.34,-2.45,2
-0.42,10,-5.37,2
-0.69,7.74,-2.98,2
0.11,10.65,-1.38,2
-0.23,10,-3.15,2
-2.3,9.62,-1.27,2
-2.75,10.76,-1.31,2
-0.8,11.65,-1.12,2
1.8,13.59,-1.12,2
1.73,14.21,-1.23,2
-3.26,10.23,4.71,2
-3.83,13.06,-2.34,2
-6.66,14.6,-4.94,2
-5.71,12.26,-10.15,2
1.14,7.7,5.83,2
-2.68,5.24,-0.04,2
-2.79,1.95,-5.67,2
-4.25,1.99,-1.04,2
5.9,14.79,5.41,2
5.41,12.95,10.31,2
-6.21,18.16,-4.48,2
-1.84,5.98,-4.1,2
-6.17,4.29,-2.45,2
-4.9,8.96,-1.23,2
-3.26,9.66,-2.96,2
-1.04,9.28,-4.29,2
0.99,9.3,-3.76,2
1.5,10.76,-2.34,2
0.5,9.85,-2.3,2
-2.3,10.15,-1.04,2
-3.45,11.18,-1.53,2
-1.57,11.5,-1.08,2
0.89,14.33,-0.42,2
1.84,13.67,-1.27,2
-2.98,10.23,1.5,2
-5.63,13.67,-2.75,2
-7.44,14.9,-6.28,2
-1.12,8.39,-9.04,2
-1.95,6.21,4.56,2
-2.34,4.86,-2.49,2
-3.49,3.26,-5.6,2
-5.13,3.72,-2.64,2
7.89,18.31,9.53,2
3.17,9.58,6.02,2
-7.27,17.35,-4.94,2
-1.57,6.28,-4.48,2
-5.98,6.02,-2.79,2
-3.91,8.16,-0.15,2
-2.37,10.23,-3.49,2
-1.69,9.51,-4.59,2
0.34,9.3,-3.34,2
1.95,10.61,-2.41,2
1.54,6.05,6.82,2
0.19,9.7,-1.8,2
-3.6,9.72,-0.95,2
-4.06,9.3,0.46,2
-0.95,12.72,0.53,2
2.49,15.66,-3.79,2
-1.33,11.45,0.15,2
-7.78,14.1,-3.98,2
-5.86,11.56,-7.74,2
2.03,6.09,1.46,2
-2.79,5.18,-0.8,2
-2.3,4.75,-3.95,2
-3.02,3.6,-2.49,2
-1.95,12.6,8.01,2
8.77,16.63,6.78,2
-6.13,8.89,-2.07,2
-6.4,15.89,-3.6,2
-2.53,4.37,-4.18,2
-4.37,7.5,-2.41,2
-3.68,9.81,-1.5,2
-1.27,9.72,-4.4,2
0.61,8.89,-4.14,2
0.5,10.34,-2.07,2
0.61,11.03,-1.95,2
-0.38,9.47,-0.95,2
-2.3,9.72,-1.92,2
-2.98,11.14,-1.95,2
-1.57,10.92,-0.5,2
-2.3,13.38,-1.57,2
0.11,12.34,-0.3,2
-1.95,11.56,3.17,2
-4.63,13.76,-4.37,2
-4.02,14.86,-12.3,2
-1.04,6.93,4.1,2
-3.11,6.17,-0.34,2
-2.37,4.25,-3.79,2
-3.49,2.03,-5.13,2
-4.56,9.43,1.31,2
14.41,17.82,10.92,2
-5.37,9.58,-2.49,2
-5.09,15.09,-3.95,2
-1.27,3.26,-2.45,2
-1.23,15.02,-2.96,2
-5.79,8.62,-1.65,2
-2.87,10.19,-0.8,2
-0.89,9.04,-7.59,2
0.11,8.81,-3.17,2
-6.66,3.06,-1.04,2
-6.28,9.85,-3.76,2
-0.11,9.51,-1.8,2
-1.14,3.45,-3.68,2
-8.01,16.93,3.3,2
-0.3,10.53,-1.33,2
-1.65,9.96,-1.5,2
-2.91,10.38,-1.69,2
-2.6,10.8,-1.84,2
-1.38,12.64,0.31,2
0.53,14.02,-0.11,2
2.07,10.95,0.5,2
-3.53,13.63,-0.11,2
-3.02,15.55,-8.47,2
-1.8,12.87,-13.33,2
-3.49,6.7,3.15,2
-3.57,5.83,0.31,2
-2.91,3.02,-4.71,2
-5.33,2.49,-4.06,2
-4.52,15.47,8.62,2
13.25,14.9,2.76,2
-2.64,7.55,-2.64,2
-2.68,18.28,-7.25,2
-1.46,4.63,-0.38,2
-7.08,7.67,-0.76,2
-4.75,6.93,-0.76,2
-4.18,10.5,-2.45,2
0.65,9.96,-6.36,2
2.22,10.53,-3.57,2
0.93,10.04,-2.79,2
-1.5,9.47,-1.04,2
-3.83,10.42,-0.34,2
-2.22,11.11,0.8,2
-0.3,14.1,-0.23,2
2.3,14.02,-3.06,2
-0.99,10.84,3.45,2
-6.17,14.52,-2.26,2
-8.47,15.6,-5.56,2
-1.04,8.66,-8.96,2
-3.87,5.43,5.52,2
-2.87,3.83,-2.6,2
-2.98,2.07,-5.28,2
-5.05,5.9,-0.76,2
15.43,19.57,7.08,2
0.89,6.63,3.72,2
-8.66,10.04,-5.24,2
-2.34,16.21,-7.82,2
-2.68,6.05,0.34,2
-4.18,6.28,-0.57,2
-3.21,9.7,-2.22,2
-2.53,10.19,-5.79,2
0.19,8.28,-3.45,2
0.5,10.04,-3.57,2
-0.3,10.04,-2.18,2
-2.6,11.92,-1.31,2
-1.18,11.45,-1.14,2
1.46,13.67,-0.27,2
2.49,13.33,0.08,2
-2.64,10.92,1.65,2
-6.02,14.14,-2.96,2
-9.77,16.17,-4.59,2
-2.75,9.3,-10.42,2
0.34,5.83,5.79,2
-2.03,4.6,-1.61,2
-2.45,2.41,-4.67,2
-4.56,2.72,-3.11,2
10.53,17.97,7.55,2
2.83,8.39,5.98,2
-10.72,15.94,-5.98,2
-3.57,8.73,-5.28,2
-4.52,4.63,-1.08,2
-3.49,9.38,-1.14,2
-2.45,10.84,-8.69,2
-0.99,9.23,-4.48,2
-0.19,6.55,-1.42,2
-1.31,10.08,-2.11,2
-2.07,12.87,-2.56,2
-1.27,12.26,-1.14,2
2.98,13.82,1.88,2
2.68,14.21,2.91,2
1.61,12.6,-2.3,2
-4.59,15.55,-1.76,2
-11.69,19.11,-5.98,2
-9.11,10.15,-11.26,2
3.49,4.29,5.22,2
-1.76,5.18,-0.5,2
-1.88,2.37,-4.82,2
-4.29,0.53,-2.07,2
6.02,15.24,2.96,2
-9.19,3.83,1.18,3
-4.9,2.26,-2.03,3
-1.18,-1.46,-1.61,3
0.27,-1.27,-0.42,3
-2.03,-0.53,2.22,3
-9.43,5.56,-2.6,3
-8.58,18.5,5.01,3
2.3,10.04,4.14,3
3.3,2.83,-1.04,3
2.34,0.89,-0.76,3
5.6,0.04,-1.33,3
5.48,8.39,-4.1,3
-3.3,19.76,-2.3,3
-13.4,3.95,9.58,3
-7.21,0.27,-0.57,3
-2.45,-1.84,-1.8,3
0.34,-4.48,-1.92,3
-0.27,-1.12,-0.11,3
-4.56,-1.27,-0.11,3
-16.59,9.62,-5.24,3
-0.23,15.05,-2.96,3
-19.04,19.76,-2.53,3
-9.7,-2.91,5.86,3
-0.93,-3.83,-2.03,3
0,-1.23,-0.65,3
5.05,17.88,1.18,3
-0.61,16.78,1.73,3
0.95,16.21,3.11,3
-1.38,0.38,0.08,3
1.31,-2.26,0.11,3
1.08,1.88,-1.46,3
3.76,12.26,-4.52,3
0.69,10.92,-3.11,3
0.84,15.51,2.79,3
-2.75,19.57,3.02,3
-4.86,13.67,-1.33,3
0.84,4.25,-2.26,3
4.56,-0.99,-1.65,3
1.65,-0.69,-1.65,3
2.98,5.63,-5.52,3
4.37,19.53,-2.14,3
-0.38,18.5,0.84,3
-2.68,18.5,0.84,3
-1.31,6.66,0.69,3
2.56,-5.2,-0.11,3
0.69,3.26,-3.26,3
4.14,0.57,-3.53,3
-0.61,18.01,-0.04,3
-1.46,13.18,1.23,3
-1.31,18.5,2.98,3
-4.56,18.16,1.95,3
-2.07,4.18,-2.37,3
6.4,-3.26,-0.84,3
0.08,4.6,-1.88,3
0.95,1.14,-9.47,3
-0.8036005,-3.2961242,-4.630918,3
-0.7,12.680544,0.50395286,3
4.903325,10.882658,-0.08172209,3
-0.50395286,13.947236,7.0553403,3
-8.430995,11.413852,5.134871,3
-8.19945,19.57244,2.7240696,3
1.4165162,5.7886477,2.982856,3
-1.879608,-2.982856,-0.29964766,3
-2.0294318,-5.706926,-10.18802,3
2.7649305,10.337844,-9.724928,3
3.568531,13.6748295,1.5390993,3
-0.50395286,3.8681788,3.718355,3
-2.3018389,1.6889231,0.08172209,3
-3.568531,19.57244,6.510526,3
-2.4925237,19.57244,6.469665,3
-2.4516625,2.5333846,3.486809,3
-1.3756552,2.070293,-0.19068487,3
1.4573772,-5.243834,-4.372132,3
-1.4165162,9.80665,5.7477865,3
-3.6774938,3.173541,3.7864566,3
3.0237172,7.164303,0.08172209,3
4.7535014,-3.2961242,-2.1383946,3
2.7649305,12.299174,0.9942854,3
0.50395286,10.841797,13.525005,3
5.175732,2.4925237,0.95342433,3
-2.1792557,-2.9147544,1.0760075,3
-3.0237172,-2.1111538,-3.8681788,3
6.2108784,4.440233,-7.8589406,3
3.990762,15.173067,1.879608,3
-8.662541,7.273266,4.0180025,3
-1.334794,1.2258313,2.3699405,3
-4.5900574,19.57244,4.7126403,3
3.8681788,3.759216,0.84446156,3
-1.7978859,1.5390993,8.730643,3
7.6273947,19.313654,-2.2609777,3
5.134871,10.800936,6.3198414,3
-2.9556155,-4.099725,2.2201166,3
4.099725,17.24336,-0.8036005,3
7.668256,11.264028,-1.3075534,3
-2.3699405,14.2877445,8.281172,3
2.7240696,1.4573772,0.88532263,3
0.46309182,-2.4108016,2.4108016,3
0.23154591,0.7627395,0.7627395,3
5.6660647,3.7864566,0.53119355,3
-4.8216033,19.57244,8.158588,3
1.8387469,-1.1168685,-2.7921712,3
-3.2961242,10.079058,13.824653,3
11.604536,17.079916,1.334794,3
-0.61291564,16.358038,4.944186,3
0.040861044,17.502148,2.5333846,3
-7.6546354,7.8180795,4.372132,3
-1.9477097,8.117727,0.9942854,3

5.86,17.77,-0.61,3
-3.79,18.77,-3.36,3
-4.29,16.44,0.42,3
-0.53,8.77,1.88,3
3.15,-5.75,-0.53,3
-1.5,2.11,-3.57,3
4.37,2.45,-3.91,3
-0.65,17.43,-0.46,3
-2.68,13.87,-2.79,3
-1.99,19.5,1.73,3
-3.83,16.04,0.08,3
1.95,-0.23,-2.03,3
3.53,1.23,-0.65,3
-1.46,1.76,-2.41,3
0.53,4.67,-9.66,3
3.15,-5.75,-0.53,3
-1.5,2.11,-3.57,3
4.37,2.45,-3.91,3
-0.65,17.43,-0.46,3
-2.68,13.87,-2.79,3
-1.99,19.5,1.73,3
-3.83,16.04,0.08,3
1.95,-0.23,-2.03,3
3.53,1.23,-0.65,3
-1.46,1.76,-2.41,3
0.53,4.67,-9.66,3
5.22,19.57,-2.49,3
-4.48,13.38,-1.33,3
-5.75,15.32,0.8,3
-1.76,4.71,1.38,3
3.3,-4.67,-2.14,3
0.08,1.99,-2.3,3
7.55,4.86,-7.31,3
-7.65,17.86,-1.92,3
-3.06,13.53,2.64,3
-4.02,19.5,2.45,3
-6.7,14.21,-0.99,3
4.48,-0.72,-1.42,3
2.87,2.34,-0.08,3
-2.45,-1.27,-1.04,3
-0.34,2.91,-10.46,3
0.42,19.57,-0.95,3
-5.33,13.4,-0.95,3
-5.41,12.64,0.53,3
-0.53,4.48,-0.27,3
3.53,-3.02,-1.92,3
-0.04,1.8,-2.56,3
6.63,4.52,-6.43,3
-11.07,18.28,-4.82,3
-1.76,13.63,4.56,3
-4.37,19.31,1.99,3
-5.82,10.84,-1.31,3
2.91,-2.26,-0.61,3
2.41,2.64,-0.08,3
-0.42,-0.76,-10.15,3
0.95,13.63,1.08,3
-4.25,19.57,-2.91,3
-7.78,14.25,-0.34,3
-3.26,12.45,0.95,3
1.04,-2.22,0.65,3
0.27,0.5,-3.11,3
2.34,2.15,-3.34,3
3.3,14.1,-2.14,3
-7.65,13.06,-5.48,3
-2.87,16.44,3.49,3
-5.98,18.12,1.8,3
-3.45,3.06,-1.57,3
4.21,1.5,-1.69,3
-0.08,2.96,-1.57,3
1.04,-1.69,-12.37,3
0.76,18.01,0.99,3
-6.36,16.25,-3.87,3
-7.65,12.26,0.34,3
-3.49,10.76,0.89,3
2.45,-4.14,-0.08,3
0.84,1.33,-3.02,3
2.6,2.15,-5.52,3
-7.16,18.73,1.5,3
-4.63,10.5,-2.53,3
-5.43,16.74,2.49,3
-6.17,15.89,0.57,3
-0.42,1.69,-1.27,3
3.15,1.69,-1.08,3
-0.99,2.79,-1.23,3
0.69,-0.53,-12.34,3
-1.95,18.28,2.3,3
-9.85,16.82,-2.14,3
-8.31,9.15,0.8,3
-4.18,7.31,0.69,3
4.21,-1.88,-0.69,3
-1.08,1.42,-2.64,3
6.97,5.9,-6.97,3
-14.37,17.16,-1.61,3
-3.79,11.03,2.72,3
-6.51,18.7,3.45,3
-7.35,9.47,-1.31,3
1.65,0.27,0.11,3
2.37,6.02,-2.14,3
-1.57,-0.46,-3.06,3
-0.89,13.25,2.26,3
-8.05,18.81,-2.96,3
-8.73,12.49,1.04,3
-3.91,9.62,1.73,3
1.04,-3.57,-1.33,3
-0.11,0.89,-3.53,3
3.38,5.6,-4.59,3
-8.62,17.5,0.11,3
-4.52,8.47,-0.61,3
-5.75,19.42,2.64,3
-9,13.82,1.27,3
-2.83,0.89,-0.76,3
3.72,0.38,-3.6,3
-0.04,3.6,-0.27,3
0,0.99,-11.3,3
-3.64,19.38,-0.42,3
-10.31,15.43,-0.8,3
-8.58,12.34,-0.3,3
-1.33,5.56,1.31,3
3.34,-2.26,0.38,3
0.27,2.37,-3.87,3
7.16,4.75,-8.2,3
-14.52,16.44,-3.06,3
-5.2,13.72,0.53,3
-6.13,19.53,1.23,3
-6.74,8.28,-1.92,3
5.33,-4.59,0.04,3
0.46,6.36,-0.38,3
-1.08,-2.26,-3.57,3
0.34,5.56,-8.08,3
-6.21,19.57,-4.25,3
-7.25,9.23,-2.37,3
-8.01,12.79,-0.69,3
2.15,-0.08,1.61,3
-0.04,-0.95,-2.91,3
2.6,2.6,-2.26,3
0.5,14.33,-4.71,3
-8.47,9.38,-5.71,3
-3.06,17.01,1.95,3
-10.57,17.35,2.64,3
-6.89,2.79,-2.53,3
5.71,-0.5,-0.19,3
-0.15,5.33,0.11,3
-1.42,-3.36,-2.6,3
-1.92,11.65,-5.2,3
-9.11,19.57,-4.59,3
-5.9,12.15,0.27,3
-6.47,11.5,0.23,3
-0.95,1.54,1.54,3
1.18,1.27,-0.65,3
1.14,16.55,-5.09,3
-10.65,10.31,-5.94,3
-5.56,13.59,3.49,3
-8.31,17.31,1.65,3
-5.13,6.17,-0.72,3
2.68,0.89,-0.23,3
-0.99,3.26,-0.99,3
1.14,0.46,-10.65,3
-2.68,15.79,2.6,3
-10.08,19,-1.46,3
-9.81,12.72,-0.27,3
-5.52,7.46,2.07,3
0.99,0,0.8,3
0.93,0.19,-3.45,3
1.54,3.72,-2.22,3
-4.99,17.73,-1.27,3
-5.82,8.16,-3.41,3
-8.43,18.28,3.41,3
-8.5,14.48,1.31,3
-3.34,3.17,-1.27,3
3.68,1.18,-1.38,3
-2.03,2.22,-0.46,3
0.89,-0.19,-11.14,3
-3.06,18.2,3.3,3
-14.06,18.05,-1.65,3
-7.25,13.4,1.33,3
-5.09,8.66,1.54,3
1.04,-1.12,0.34,3
1.54,1.18,-4.18,3
1.54,1.18,-4.18,3
-2.49,16.44,1.08,3
-8.31,10.65,-6.21,3
-8.66,17.27,4.82,3
-7.04,14.94,2.64,3
-4.25,4.06,-0.99,3
3.17,-0.53,-1.61,3
-1.27,2.6,-1.8,3
0.08,3.57,-8.5,3
-1.65,18.81,1.08,3
-14.52,16.66,-1.14,3
-7.97,10.61,1.73,3
-2.26,5.52,1.31,3
4.21,-0.23,-1.12,3
-2.45,1.54,-2.26,3
4.02,6.47,-6.97,3
-13.29,15.05,3.64,3
-4.99,10.12,0,3
-10.88,18.77,2.83,3
-8.27,10.73,0.27,3
1.12,0.8,0.42,3
2.3,2.18,-2.98,3
-1.42,0.99,-6.97,3
-0.3,8.69,1.61,3
-10.08,19.57,-1.92,3
-10.19,13.33,0.34,3
-5.75,9.34,1.54,3
-1.95,3.17,1.42,3
2.98,0.89,-3.41,3
1.54,1.5,-2.26,3
-2.41,15.21,-1.46,3
-7.21,7.44,-4.44,3
-7.46,18.47,4.6,3
-10.95,14.56,2.49,3
-5.01,1.54,-2.03,3
5.18,1.08,-1.14,3
-0.65,5.56,-1.61,3
-0.34,-3.68,-8.58,3
-0.65,16.25,2.6,3
-12.76,18.2,-2.64,3
-9.89,12.57,-0.38,3
-4.75,11.11,2.53,3
1.5,-1.8,0.08,3
-1.38,0.61,-1.61,3
1.42,2.41,-2.83,3
-0.19,16.04,-2.64,3
-8.05,7.12,-6.36,3
-8.92,16.93,5.83,3
-9.89,15.4,3.06,3
-2.75,5.56,-1.99,3
4.37,2.18,-0.42,3
-2.53,1.27,-0.34,3
-2.53,1.27,-0.34,3
-3.49,18.12,5.67,3
-14.1,17.05,-0.27,3
-9.38,10.65,-1.14,3
-2.83,4.9,3.02,3
2.34,-1.04,-0.95,3
-1.76,1.69,-3.41,3
5.01,8.62,-4.86,3
-12.79,13.38,-0.42,3
-3.72,8.39,-2.37,3
-11.6,19.5,4.63,3
-10,10.08,0.57,3
-0.11,0.69,0.23,3
1.18,3.53,-2.83,3
-1.61,2.56,-1.23,3
1.14,1.8,-12.98,3
-6.28,19.19,6.05,3
-13.44,16.13,-1.18,3
-7.89,8.08,1.14,3
-1.65,1.46,1.88,3
0.53,3.34,-2.37,3
2.72,2.64,-3.68,3
-7.44,17.88,0.46,3
-4.86,3.06,-3.87,3
-12.22,17.2,3.91,3
-12.6,14.63,3.38,3
-3.06,4.79,-2.68,3
4.86,1.54,3.02,3
-1.61,3.26,-2.03,3
-0.5,0.19,-10.08,3
-3.21,14.94,2.76,3
-15.89,18.39,-1.57,3
-7.78,10.84,0.38,3
-4.82,4.63,1.08,3
0.72,0.76,0.84,3
0.19,2.45,-1.65,3
2.91,10.5,-5.67,3
-15.01,9.72,1.04,3
-5.13,7.5,-1.23,3
-13.17,19.23,4.86,3
-7.78,8.28,-0.5,3
3.57,0.72,0.84,3
0.27,4.56,-1.12,3
-2.56,1.31,-7.89,3
-2.6,10.38,-1.12,3
-9.81,19.46,1.04,3
-13.38,16.32,0.93,3
-6.28,6.93,2.41,3
-0.3,-1.46,1.23,3
0.99,1.92,-1.95,3
-0.57,2.18,-0.5,3
3.26,16.28,-5.94,3
-10.72,7.93,-1.31,3
-8.92,14.25,6.05,3
-14.75,13.72,3.57,3
-5.6,5.9,-3.21,3
5.6,0.5,1.33,3
0.46,2.3,-1.27,3
-1.14,3.26,-8.47,3
-9.85,17.35,3.6,3
-11.45,14.1,0.08,3
-9.7,14.21,4.06,3
-5.41,5.37,2.15,3
1.88,0.19,0.57,3
-1.46,3.17,-2.56,3
0.61,12.45,-3.91,3
-9.43,5.71,1.46,3
-6.21,7.82,-1.65,3
-11.65,19,8.96,3
-11.99,10.27,0.65,3
0.42,2.41,0.65,3
-1.92,7.12,-1.38,3
-1.92,0.11,-3.45,3
-0.76,8.58,-5.01,3
-13.67,19.57,8.47,3
-9.34,14.33,-0.65,3
-5.37,5.13,2.45,3
-1.08,-0.23,1.14,3
-1.88,2.37,-1.12,3
1.92,4.06,-0.8,3
-7.78,16.97,-2.26,3
-7.93,3.91,-0.27,3
-8.08,14.37,2.26,3
-11.99,13.72,8.77,3
-2.07,4.21,-3.49,3
2.18,1.95,0.53,3
-1.33,2.18,-1.99,3
-2.56,8.43,-9.47,3
-11.07,19.53,0.42,3
-9.3,14.56,0.65,3
-7.35,8.01,1.08,3
-3.53,1.61,0.93,3
-0.08,1.42,-1.12,3
0.65,2.87,-2.26,3
-3.83,13.18,-0.89,3
-10.08,7.25,0,3
-7.89,12.45,1.92,3
-8.24,12.53,4.63,3
-3.26,4.25,-0.46,3
0.08,6.13,0.53,3
-1.88,4.63,-0.61,3
-4.02,1.95,-9.08,3
-2.75,16.09,0.38,3
-14.9,18.7,7.46,3
-8.2,13.29,1.27,3
-2.49,0.15,0.93,3
0.31,-2.56,0.23,3
-0.99,4.9,0.72,3
-2.18,14.79,-2.41,3
-13.57,2.76,-0.84,3
-6.78,11.92,1.27,3
-8.27,16.25,6.82,3
-4.9,4.52,3.06,3
-0.5,2.98,0.38,3
-1.33,3.76,-1.08,3
-1.08,6.24,-8.62,3
-10,15.6,-1.33,3
-0.99,19.38,-3.3,3
-9.3,18.12,9.89,3
-4.94,5.79,1.5,3
1.76,-2.56,4.06,3
-2.41,3.68,-2.37,3
1.84,1.65,0.76,3
-6.51,16.21,-4.86,3
-10.92,3.49,4.75,3
-4.48,9.28,4.75,3
-17.2,16.28,6.24,3
-3.76,6.59,0.15,3
-0.27,2.68,1.8,3
0.8,1.95,-0.61,3
-2.75,0.23,-7.01,3
-5.98,15.55,-2.53,3
-14.29,17.08,12.34,3
-8.69,9.81,2.6,3
-4.44,6.21,3.91,3
1.18,1.5,2.96,3
-3.17,3.06,-0.95,3
0.69,7.25,-5.01,3
-14.98,10.53,3.15,3
-3.95,2.76,-0.61,3
-11.54,15.85,7.06,3
-13.25,11.73,2.87,3
0,1.76,-0.46,3
-1.23,3.83,0.57,3
-4.02,2.41,-2.75,3
-3.34,4.1,-8.77,3
-6.24,15.83,-1.14,3
-17.46,18.77,9,3
-7.55,11.99,3.6,3
2.15,0.11,1.46,3
-1.53,0.11,-1.12,3
-2.14,3.38,0.61,3
0,9.62,-6.93,3
-17.2,8.69,4.14,3
-1.12,3.26,-3.06,3
-11.6,14.71,2.76,3
-7.74,9.81,5.13,3
-0.11,2.26,1.38,3
-4.18,2.98,1.23,3
-5.9,2.87,-7.89,3
-7.08,11.84,-2.07,3
-6.93,15.21,-0.46,3
-14.25,13.38,4.33,3
-7.35,8.85,5.48,3
4.1,0.34,1.5,3
-4.59,4.02,-1.53,3
-0.8,4.56,-5.18,3
-14.06,12.64,-3.36,3
-2.79,0.53,-0.46,3
-7.63,9.58,-5.48,3
-14.63,16.04,6.44,3
-2.03,3.21,1.73,3
-3.36,4.18,-0.08,3
-2.6,2.6,-3.36,3
-6.78,4.18,-10.42,3
-1.5,15.79,-4.79,3
-18.2,15.05,4.37,3
-10.11,15.05,3.26,3
3.72,-1.65,0.8,3
-3.64,2.72,-2.34,3
1.92,4.9,-4.71,3
-14.4,11.37,-5.2,3
-3.72,2.03,-1.53,3
-14.63,17.08,0.5,3
-2.03,6.09,1.18,3
-0.11,0.76,0.76,3
-3.98,3.3,-0.53,3
-4.1,0.23,-8.85,3
-3.87,12.3,-3.45,3
-14.1,13.33,-3.57,3
-13.91,16.82,9.62,3
-1.99,5.01,1.5,3
0.34,2.22,0.04,3
-3.76,1.57,-1.5,3
2.22,6.44,-8.12,3
-15.51,11.07,-6.51,3
-3.21,0.65,-0.84,3
-12.18,14.37,-4.48,3
-7.04,10,2.6,3
-0.65,-2.37,2.72,3
-4.1,4.37,-1.42,3
-4.33,1.54,-6.66,3
-6.82,7.25,-7.5,3
-3.34,13.8,-8.05,3
-17.86,17.12,6.89,3
-9.38,11.5,3.45,3
5.9,-2.37,-1.99,3
-2.3,1.88,-0.38,3
2.11,4.25,-0.76,3
-11.37,11.14,-9.04,3
-9.49,7.16,0.15,3
-1.65,5.01,-3.11,3
-18.54,16.17,1.14,3
-1.27,0.42,5.09,3
-0.95,-0.11,-0.91,3
-5.86,3.38,-1.08,3
-9.7,3.72,-13.06,3
-3.34,13.53,-1.8,3
-13.99,12.91,-4.02,3
-14.02,17.54,8.01,3
1.8,1.27,2.79,3
1.33,-0.95,-5.86,3
-1.69,5.48,-5.86,3
-12.83,16.13,-1.38,3
-0.08,1.08,-7.31,3
-10.11,8.96,-4.79,3
-8.92,13.38,6.09,3
-0.42,-2.34,3.72,3
-2.75,3.76,1.04,3
-4.71,1.57,-0.46,3
-4.1,-1.23,-11.95,3
-7.78,15.4,-3.41,3
-12.83,11.18,-6.24,3
-14.82,17.54,2.98,3
-2.07,4.63,1.8,3
1.92,0.11,-1.27,3
-4.29,3.99,-1.08,3
2.72,2.41,-7.27,3
-15.24,13.21,-10.19,3
-4.71,2.11,-0.8,3
-14.29,15.32,-4.71,3
-7.86,2.03,4.25,3
3.41,-1.18,0.31,3
-5.37,5.75,-1.57,3
-1.53,-0.53,-4.14,3
-6.36,1.95,-14.06,3
-10.23,15.89,-3.34,3
-17.69,7.63,0.04,3
-6.17,15.66,2.56,3
1.69,-0.23,-1.38,3
-3.02,3.41,-2.53,3
1.5,1.61,-3.49,3
-7.78,11.07,-9.3,3
-8.39,3.99,-5.9,3
-6.89,8.24,-1.99,3
-14.82,10.61,-0.76,3
2.45,-3.87,2.22,3
-2.45,4.29,-0.99,3
-4.9,1.61,-2.49,3
-1.38,-1.53,-9.11,3
-9.3,15.66,-10,3
-16.04,8.66,-3.49,3
-12.49,17.12,2.49,3
-1.65,4.14,1.54,3
0.15,-2.11,-2.91,3
-2.68,4.71,-0.5,3
3.21,4.86,-8.62,3
-16.51,10.69,-11.69,3
-3.79,1.95,-1.69,3
-18.92,17.5,-6.97,3
-4.44,-4.99,6.13,3
3.83,3.91,0.04,3
-7.46,1.42,-2.03,3
-1.69,-1.69,-6.59,3
-8.5,10.38,-13.1,3
-4.33,5.79,-9.77,3
-19.23,14.48,0,3
0.93,14.21,1.27,3
-1.14,-3.41,-2.34,3
-2.87,2.6,-1.99,3
2.03,5.56,-2.41,3
-1.33,9.51,-11.69,3
-13.87,6.13,-8.43,3
-8.58,11.18,-0.3,3
-14.44,4.21,-1.04,3
4.86,-0.69,1.54,3
-4.86,2.07,-2.68,3
-3.64,-1.99,-2.64,3
0.23,-0.95,-5.52,3
-16.55,13.63,-14.21,3
-10.04,5.86,3.87,3
-14.9,15.36,-2.87,3
-0.15,4.44,2.41,3
-1.69,1.14,-2.68,3
-3.15,4.71,-0.19,3
-0.08,5.9,-9.85,3
-14.98,6.21,-11.33,3
-7.12,8.01,2.03,3
-18.89,11.3,-6.43,3
3.38,-4.33,4.4,3
-2.11,6.59,-1.12,3
-6.02,-0.19,-2.03,3
-2.98,-3.79,-12.56,3
-10.46,14.29,-5.82,3
-6.63,4.75,-7.44,3
-13.53,19.46,3.41,3
-1.27,1.76,1.46,3
2.11,-1.61,-2.56,3
-3.06,2.53,-0.15,3
2.91,4.21,-9.38,3
-17.82,12.3,-13.95,3
-3.91,4.33,-0.84,3
-18.47,15.21,-5.24,3
-2.3,-3.36,6.55,3
3.26,2.56,-0.95,3
-8.35,2.96,-2.56,3
-0.76,-2.96,-7.97,3
-11.33,12.37,-13.82,3
-2.68,2.72,-5.33,3
-18.12,12.79,-7.01,3
-2.34,14.52,6.78,3
4.71,-4.56,-3.64,3
-3.95,2.98,-1.8,3
3.02,4.21,-7.55,3
-16.04,10.69,-13.02,3
-5.2,4.9,-2.07,3
-18.81,12.72,-14.44,3
0.8,-1.5,10.04,3
0.93,3.21,-0.8,3
-5.71,0.53,-2.6,3
-3.98,0.38,-11.73,3
-7.59,13.38,-2.03,3
-7.12,3.83,-10.46,3
-16.74,18.73,3.49,3
-1.46,3.83,-0.5,3
-0.15,-0.89,-0.89,3
-3.91,3.95,-2.53,3
2.72,6.32,-9.38,3
-16.02,6.85,-10.04,3
-2.07,0.61,0.99,3
-17.77,17.86,-6.85,3
-2.03,-0.23,6.47,3
1.38,0.23,-0.42,3
-5.98,1.76,-2.34,3
-2.56,-0.38,-9.11,3
-8.81,10.8,-6.66,3
-6.59,3.6,-6.82,3
-18.16,15.09,-5.67,3
-4.79,11.84,3.17,3
2.11,-1.42,-1.95,3
-4.4,3.38,-3.53,3
1.61,2.41,-3.36,3
-7.63,8.5,-10.19,3
-9.7,7.06,-6.02,3
-9.58,11.18,-1.84,3
-15.13,7.4,-3.68,3
0.5,-2.26,2.96,3
-3.45,2.45,-2.6,3
-4.14,0.11,-3.98,3
-6.21,2.76,-11.41,3
-3.02,9.3,-5.67,3
-10.72,5.79,-11.56,3
-12.98,18.09,1.88,3
-0.46,2.83,0.53,3
-1.04,1.31,-3.02,3
-1.95,4.71,0.8,3
2.45,4.67,-9.19,3
-18.31,11.11,-13.48,3
-4.06,3.49,-1.27,3
-17.92,15.64,-5.01,3
-1.99,0.61,3.72,3
0.11,0,1.5,3
-3.11,-1.18,-8.73,3
-3.11,-1.18,-8.73,3
-9.3,12.95,-8.35,3
-8.08,1.99,-0.11,3
-15.09,18.16,-0.23,3
-1.18,2.3,0.99,3
-0.08,0.46,-1.23,3
-1.92,3.72,0.95,3
0.89,5.52,-9.49,3
-17.62,11.65,-12.56,3
-4.1,4.25,0.57,3
-15.75,14.02,-4.67,3
-7.59,3.15,3.21,3
1.54,-2.72,0.57,3
-6.85,3.38,-2.37,3
-2.75,-1.12,-9.15,3
-9.96,11.5,-8.5,3
0.46,2.11,-9.28,3
-17.97,14.21,-9.89,3
-5.52,13.4,5.63,3
3.49,-2.34,-2.68,3
-3.11,3.45,-2.34,3
0.46,2.87,-3.98,3
-1.61,7.7,-9.58,3
-12.83,5.37,-8.58,3
-13.95,15.21,-4.86,3
-10.23,-0.08,-3.79,3
4.6,-0.8,1.46,3
-5.9,1.54,-2.64,3
-3.68,0.93,-4.67,3
-5.05,3.34,-14.29,3
-4.02,5.75,-6.13,3
-15.85,9.04,-7.63,3
-3.87,17.01,1.14,3
-0.38,-2.34,-3.72,3
-2.53,3.87,-1.76,3
0.27,3.41,-1.27,3
-0.57,6.89,-9.81,3
-14.9,6.89,-11.88,3
-10.04,12.34,-2.11,3
-14.44,3.41,-6.55,3
3.49,-1.18,2.72,3
-4.4,1.57,-2.56,3
-6.63,11.6,7.27,3
-0.57,10.38,0.84,3
7.31,11.75,0.61,3
4.4,4.44,-2.34,3
-9.08,4.56,0.46,3
-19.61,9.23,-11.11,3
-15.62,-7.86,14.82,3
-10.5,-4.71,1.69,3
4.86,-1.65,-10.76,3
14.33,0,-10.38,3
1.12,0.57,-10.38,3
-6.24,-3.79,-6.51,3
-19.61,-1.8,5.43,3
-7.74,-0.61,1.99,3
-19.61,8.05,-1.14,3
-5.24,9.51,7.97,3
-1.42,10.88,-1.69,3
5.43,12.64,1.27,3
3.79,4.29,0.23,3
-13.14,9.53,1.12,3
-19.61,4.75,-12.03,3
-11.69,-12.03,16.25,3
-9.34,-3.64,-4.56,3
6.93,-1.65,-8.31,3
11.41,1.33,7.31,3
1.18,-0.08,-9.92,3
-8.88,-0.5,-7.97,3
-19.57,-2.75,5.71,3
-6.36,-1.18,1.27,3
-19.61,4.86,5.05,3
-16.82,11.14,-7.16,3
-8.92,12.18,5.86,3
3.99,9.92,-1.92,3
9.19,13.4,-0.08,3
4.75,3.87,2.45,3
-9.3,6.74,-3.91,3
-19.61,7.5,-7.63,3
-10.42,-12.15,17.35,3
-11.37,-0.91,-7.01,3
6.17,-1.65,-13.06,3
12.95,2.72,10.27,3
0.61,0.61,-10.69,3
-4.94,-1.46,-6.89,3
-19.23,-2.91,2.64,3
-9.89,-0.72,4.75,3
-19.3,4.25,3.21,3
-18.39,10.27,-12.3,3
-5.63,10.88,6.89,3
2.11,9.66,-2.87,3
6.47,13.1,-0.46,3
2.98,5.18,3.34,3
-10.69,9.28,-1.99,3
-19.61,4.02,-10.19,3
-8.85,-15.01,16.78,3
-7.31,-1.76,-3.64,3
6.89,1.54,-9.62,3
15.47,3.17,9.28,3
-14.94,0.99,1.42,3
-7.46,7.63,3.02,3
-5.56,10.27,-3.45,3
4.4,12.45,0.31,3
7.44,10.27,2.68,3
-0.5,3.45,-0.76,3
-9.47,-16.17,14.94,3
-2.18,-2.18,-11.41,3
4.1,3.45,-11.6,3
-5.94,2.64,-8.24,3
-12.37,-1.88,2.83,3
-18.31,-8.01,3.64,3
-12.22,-0.27,1.99,3
-9.96,11.6,11.45,3
-1.61,10.46,-4.1,3
5.63,11.96,-0.69,3
5.56,9,4.4,3
-5.63,4.21,-0.89,3
-13.29,-6.13,9.38,3
-8.66,-11.03,6.78,3
4.63,-2.34,-12.3,3
16.66,0,9.58,3
-0.04,2.87,-8.66,3
-3.11,0.11,-7.4,3
-19.15,-3.6,0.69,3
-9.62,-3.98,7.59,3
-7.82,11.84,9.77,3
1.69,10.99,0.46,3
6.24,13.8,-0.04,3
5.09,4.37,1.12,3
-8.43,6.66,-3.15,3
-13.76,-13.76,17.77,3
5.22,0.23,-11.65,3
-1.08,-0.19,-12.3,3
-5.6,11.8,12.45,3
2.07,12.03,-0.08,3
2.83,3.57,1.33,3
6.55,13.63,-0.8,3
-12.34,10.65,3.53,3
9.92,-0.3,-2.26,3
-1.42,-1.61,-11.37,3
7.78,1.95,-7.59,3
-6.09,11.14,1.88,3
5.71,11.69,-0.99,3
8.85,9.92,0.76,3
0.23,3.21,-1.04,3
-1.33,-0.46,-13.14,3
4.71,2.34,-7.93,3
-3.76,0,-8.77,3
5.28,14.21,-2.14,3
6.78,8.47,1.99,3
-0.34,10,-7.01,3
-8.35,-7.7,8.96,3
1.54,-0.08,-10.31,3
0.65,-0.08,-11.8,3

-16.13,-5.94,6.89,3
-1.14,0.8,-10.69,3
-13.44,-3.11,-3.36,3
-2.64,0.27,-4.48,3
-4.02,2.34,-11.5,3
-7.65,9.85,-4.63,3
-16.74,8.08,-9.43,3
-9.34,17.39,3.21,3
2.53,-3.76,-4.9,3
-2.64,5.05,-0.95,3
1.69,3.45,-3.87,3
-5.63,8.08,-9.28,3
-8.96,2.56,-7.89,3
-10.11,10.61,-3.3,3
-14.63,8.31,-7.12,3
3.68,-6.74,5.75,3
-2.87,3.79,-2.3,3
-5.13,1.65,-3.17,3
-1.23,-0.76,-12.3,3
-8.27,10.69,-2.96,3
-10.99,3.34,-8.77,3
-14.14,18.62,-1.88,3
-5.2,7.4,1.84,3
1.99,-2.34,-3.83,3
-3.57,3.95,-0.27,3
4.18,5.05,-9.77,3
-16.66,5.6,-13.25,3
-4.67,4.29,-0.61,3
-19.08,17.69,-4.79,3
-6.36,-4.9,5.63,3
0.8,-1.73,-2.64,3
-5.2,4.14,-2.91,3
-2.45,-0.72,-10.04,3
-9.19,8.39,-5.18,3
-5.86,3.87,-8.16,3
-17.58,12.6,-9.47,3
-8.35,10.84,6.36,3
4.02,-0.99,-3.95,3
-5.05,2.41,-1.61,3
3.49,4.48,-5.82,3
-9.11,6.13,-10.72,3
-10.57,6.63,-4.52,3
-14.44,18.16,-1.88,3
-9.58,-1.46,-1.5,3
1.31,-2.07,2.45,3
-6.82,4.56,-3.6,3
-1.88,-2.56,-6.05,3
-7.65,3.21,-11.95,3
-5.01,8.31,-5.67,3
-15.51,7.63,-8.85,3
-10.34,16.32,7.4,3
6.51,-4.02,-4.18,3
-3.72,4.1,-2.68,3
0.8,2.87,-0.27,3
-2.75,7.12,-10,3
-13.53,6.17,-9.43,3
-10.5,11.35,-3.06,3
-15.89,9.62,-7.08,3
1.27,-6.28,5.56,3
-1.38,4.4,-1.8,3
-7.44,1.99,-2.49,3
-2.37,-1.92,-13.29,3
-2.37,-1.92,-13.29,3
-8.05,11.45,-2.34,3
-11.37,1.84,-11.54,3
-11.6,18.5,0.8,3
3.17,-2.11,-3.26,3
-3.98,3.02,-2.18,3
2.68,5.05,-1.33,3
1.99,5.63,-9.34,3
-17.39,7.16,-11.75,3
-12.18,14.41,-1.14,3
-14.1,1.88,-3.57,3
4.1,-1.42,1.69,3
-4.21,2.96,-3.49,3
-3.3,-0.61,-5.2,3
-7.27,1.33,-13.82,3
-8.69,5.63,-4.67,3
-15.4,8.81,-6.97,3
-8.54,15.51,3.49,3
4.86,-1.8,-4.37,3
-3.57,2.34,-1.92,3
0.19,3.6,-0.76,3
1.42,5.09,-10.23,3
-18.05,8.24,-10.72,3
-10.95,15.4,-0.61,3
-12.34,2.07,-3.11,3
-1.95,-1.46,2.91,3
-2.87,1.95,-2.37,3
-3.41,0.23,-3.17,3
-2.41,0.53,-14.14,3
-7.12,8.73,-2.72,3
-11.03,4.6,-9.53,3
-12.53,19.27,0.89,3
1.76,4.06,-0.11,3
-3.3,0.38,-3.26,3
-2.34,3.41,-0.84,3
3.21,5.05,-9.89,3
-16.04,6.02,-11.54,3
-6.36,7.86,-0.57,3
-17.58,10.76,-9.92,3
3.41,-6.82,7.25,3
-2.75,5.33,-2.41,3
-5.56,0.89,-2.53,3
-1.14,-2.49,-10.04,3
-10.95,11.35,-7.97,3
-6.43,1.8,-9.58,3
-16.4,16.28,-4.37,3
-3.02,6.82,3.53,3
0.72,-1.69,-3.95,3
-3.45,3.02,-0.89,3
4.14,5.67,-9.3,3
-15.85,8.35,-13.76,3
-9.3,11.41,-0.91,3
-15.09,4.94,-6.09,3
4.06,-3.34,4.06,3
-3.15,3.95,-1.76,3
-4.99,-0.95,-2.64,3
-3.98,-1.53,-12.26,3
-11.84,12.57,-9.08,3
-10.42,1.57,-5.41,3
-1.18,9.81,-0.99,3
7.27,15.28,-3.57,3
5.13,7.59,3.45,3
-4.1,3.83,-1.46,3
-9.62,-7.55,4.14,3
3.41,-0.38,-11.6,3
-0.08,-1.5,-12.26,3
-6.24,0.5,-5.24,3
-9.04,-0.04,-0.5,3
3.11,10.57,-3.79,3
4.67,4.86,5.09,3
-8.81,7.5,-4.18,3
-4.79,-0.19,-9.15,3
8.81,3.83,-3.17,3
4.63,10.38,-1.92,3
1.5,-1.42,-14.9,3
1.65,3.41,-10.38,3
-2.72,-2.53,-6.09,3
-7.89,-1.33,2.53,3
-2.56,11.11,5.28,3
5.86,14.37,-2.18,3
7.31,5.98,0.84,3
0.69,2.6,-1.88,3
-15.47,10.15,-0.89,3
5.41,12.03,-1.8,3
-3.34,4.06,-3.02,3
2.22,9.53,-1.33,3
3.26,4.18,-0.42,3
4.52,11.69,-1.08,3
6.66,11.54,2.3,3
1.99,2.3,-0.69,3
-2.87,4.67,-2.75,3
10.34,0.8,-1.08,3
10.76,5.13,-1.46,3
-3.11,1.27,-8.62,3
-6.7,-1.18,-0.8,3
-7.04,12.26,10.12,3
4.14,11.11,-1.5,3
7.06,12.11,0.27,3
0.69,3.45,1.08,3
11.99,-1.99,1.46,3
7.5,5.52,-2.53,3
-2.91,-0.04,-9.34,3
3.76,3.06,-0.46,3
-7.4,-0.08,-11.88,3
0.53,8.28,-1.27,3
1.46,-0.08,-11.73,3
2.11,1.08,-8.69,3
1.76,7.44,-1.23,3
7.16,12.26,-1.12,3
2.49,4.14,1.88,3
-7.7,-1.8,-7.93,3
7.25,-0.15,-7.44,3
-3.34,0.15,-11.41,3
3.02,11.07,-3.06,3
6.02,10.08,0.04,3
2.3,4.6,0.84,3
1.5,-0.91,-8.73,3
3.34,1.33,-11.07,3
-5.52,1.27,-5.71,3
-4.02,8.85,-0.95,3
5.22,11.73,-1.5,3
7.63,9.43,0.69,3
0.69,3.21,-1.5,3
0.89,0.08,-11.6,3
14.44,6.7,7.7,3
1.95,-0.72,-10.92,3
-6.24,0.15,-2.26,3
-11.88,-2.18,0.04,3
-11.33,15.02,12.57,3
-2.37,7.93,0.72,3
6.51,12.98,-2.79,3
6.05,6.85,1.76,3
-1.92,4.44,-3.15,3
1.84,0.72,-11.18,3
2.96,0.57,-8.01,3
-3.95,0.38,-3.87,3
-1.61,8.05,-1.65,3
5.18,14.44,-2.26,3
3.95,7.59,3.83,3
-3.83,3.76,-1.53,3
2.87,-1.61,-8.31,3
1.5,-0.19,-11.41,3
-5.2,-0.84,-1.14,3
-17.69,-5.43,2.18,3
-17.88,10.73,-15.7,3
-5.94,11.75,13.1,3
3.87,10,-2.6,3
5.6,7.46,1.38,3
-1.27,3.38,-1.57,3
1.88,0.42,-6.4,3
-10.46,-7.86,6.97,3
5.24,1.08,-5.82,3
-7.04,1.46,-5.2,3
-6.4,10.73,5.79,3
6.66,11.22,-2.68,3
9.72,12.34,2.53,3
0.08,3.21,0.08,3
-12.34,-4.48,7.4,3
0.57,-0.53,-10.95,3
-0.91,-1.31,-8.05,3
-7.27,10.99,7.06,3
2.98,6.7,0.42,3
8.16,12.18,0.42,3
1.61,4.44,-0.61,3
-6.85,-0.99,-11.95,3
-1.76,-0.76,-7.04,3
4.02,8.58,-1.38,3
2.76,3.57,2.03,3
0.8,0.53,-7.63,3
1.31,9.15,-0.19,3
8.96,12.95,-0.27,3
3.87,5.01,1.61,3
-0.23,0.04,-11.54,3
7.46,-1.38,-4.14,3
-1.42,8.96,-0.69,3
6.4,9.47,-2.34,3
5.86,7.46,0.46,3
-1.95,3.53,-1.53,3
1.42,-0.99,-11.03,3
2.49,0.5,-10.31,3
-7.93,14.1,7.74,3
4.29,8.35,-2.03,3
6.4,5.63,1.12,3
-0.89,3.41,-2.68,3
-0.19,0.53,-8.05,3
-5.79,10.92,-0.99,3
3.64,10.73,0.65,3
0.65,3.53,-1.65,3
7.01,3.68,-6.85,3
3.83,5.41,1.12,3
4.48,13.4,-1.73,3
-0.19,1.33,0.53,3
-1.18,-1.18,-12.3,3
5.86,2.79,-5.75,3
-2.18,0.42,-7.25,3
5.18,13.29,-2.68,3
7.86,10.57,0.93,3
0.99,2.3,0.57,3
11.35,1.95,0.38,3
6.47,15.02,-1.65,3
4.94,4.33,1.31,3
-1.31,8.62,-2.75,3
7.74,13.8,2.03,3
3.41,0.57,-8.35,3
14.63,7.44,4.67,3
-0.84,1.08,-12.34,3
0.38,8.85,-1.08,3
-8.08,5.71,-1.04,3
-19.61,6.89,-7.82,3
5.86,-0.5,-9.11,3
0,0.84,-9.72,3
-6.17,-2.22,2.07,3
-7.55,12.34,0.23,3
4.29,9.58,0.93,3
9.92,9.53,-0.46,3
2.45,3.57,0.11,3
-6.43,-0.3,-9.11,3
9.15,0.53,-0.04,3
7.67,1.18,-6.13,3
-6.02,0.57,-8.31,3
-4.75,10.73,-1.04,3
5.13,11.14,0.23,3
6.89,7.78,1.76,3
-0.46,3.6,-3.26,3
-3.91,0.19,-10.34,3
7.16,-1.08,-7.78,3
-6.55,8.66,8.92,3
-4.33,9.81,-3.76,3
5.48,11.11,0.57,3
7.01,6.55,1.46,3
0.84,2.79,-0.99,3
-3.45,-0.23,-10.53,3
10.42,0.53,0.8,3
9.58,3.45,-2.64,3
-2.37,0.99,-8.92,3
3.83,13.21,0.15,3
6.97,9.77,1.54,3
2.26,1.95,-0.08,3
9.62,7.25,2.41,3
-2.26,0.8,-10.38,3
-6.02,-1.27,-0.57,3
-8.96,12.18,10.12,3
2.3,12.45,0.11,3
6.93,12.64,2.03,3
3.49,2.41,0.57,3
6.51,0.99,-4.9,3
10.57,6.51,2.11,3
-0.11,1.23,-10.15,3
-1.04,9.28,-2.3,3
6.59,13.38,-0.38,3
4.25,5.56,0.27,3
0.15,-1.42,-10.61,3
7.59,7.74,1.99,3
1.18,2.11,-2.83,3
-3.95,-1.38,-10.38,3
-7.59,9.7,2.68,3
-7.78,1.54,-7.5,3,3
4.33,10.15,0.27,3
7.35,10.95,0.38,3
1.88,2.68,-0.76,3
7.67,1.27,-7.4,3
13.76,5.67,2.72,3
-1.12,0.38,-8.85,3
-1.14,10.34,4.21,3
4.56,3.57,-0.99,3
7.27,14.67,-0.84,3,3
-7.65,-0.76,-10.88,3
9.7,0.93,-4.06,3
12.22,5.6,1.04,3
-1.5,-1.12,-8.69,3
1.92,9.53,-0.19,3
6.55,11.37,1.33,3
3.99,3.6,-0.38,3
8.08,0.89,-3.64,3
8.01,6.24,-0.53,3
-2.91,1.46,-8.16,3
-7.97,-1.5,-0.69,3
-0.04,8.24,1.18,3
-10.99,12.22,12.11,3
8.24,13.48,-2.03,3
5.09,4.75,1.5,3
-1.27,2.87,-2.14,3
0.23,-0.04,-11.3,3
10.57,5.33,1.84,3
5.01,3.15,-4.82,3
-4.75,-1.04,-1.65,3
-2.83,8.89,-1.04,3
6.17,16.02,-1.53,3
6.82,7.21,3.95,3
0.65,1.88,-2.11,3
-16.24,-5.18,10.65,3
-1.69,-0.42,-13.67,3
12.26,3.11,3.38,3
8.31,3.99,-4.25,3
-1.61,-1.88,-6.36,3
-13.99,-2.79,2.6,3
-15.85,1.54,2.22,3
-11.07,10.61,11.6,3
-3.87,9.51,-4.56,3
5.37,12.03,1.42,3
7.5,8.24,2.56,3
2.03,2.45,-1.61,3
-10.38,11.5,9.96,3
-4.21,10.92,-3.15,3
4.48,12.83,1.95,3
7.16,6.47,1.12,3
-1.31,2.72,-4.14,3
1.14,-1.84,-11.92,3
1.23,2.03,-7.97,3
-2.6,-1.73,-5.86,3
6.02,5.75,1.08,3
-1.27,3.76,-4.86,3
-0.3,0.31,-8.08,3
-5.98,10.46,7.93,3
-0.23,7.59,-1.84,3
5.52,11.5,0.38,3
5.09,4.25,2.34,3
-6.43,5.94,-4.21,3
1.99,0.5,-9.77,3
16.47,4.94,7.82,3
3.53,1.08,-10.72,3
-4.86,-0.27,-3.72,3
-9.58,-1.31,0.23,3
-9.77,10.19,12.18,3
-2.79,9.3,-3.26,3
5.94,14.21,0.42,3
7.08,7.89,2.87,3
-1.33,2.96,-1.61,3
-2.14,-0.53,-11.41,3
14.94,2.07,5.22,3
6.02,2.72,-7.35,3
-4.63,0.19,-6.63,3
-7.55,10.99,1.99,3
3.72,11.35,0.5,3
7.21,10.57,2.49,3
2.18,2.76,-1.14,3
-2.18,-0.23,-9.85,3
1.61,11.84,0.65,3
6.44,11.92,-0.46,3
-7.4,10.53,6.32,3
2.49,13.33,0.69,3
7.7,7.12,1.76,3

2.41,6.28,1.334794,3
2.56,-1.23,-14.396708,3
-0.76,-5.63,-9.915613,3
0.34,3.17,-0.9942854,3
-1.46,18.16,15.431854,3
0.57,3.26,7.8861814,3
-2.91,0.99,3.255263,3
-7.27,19.57,10.882658,3
1.04,-6.55,-13.211738,3
-2.07,-2.34,-6.782933,3
1.08,13.4,9.343558,3
-1.99,9.66,-2.3426998,3
-8.31,11.22,-10.95076,3
-3.79,19.57,-2.7921712,3
-1.46,18.5,12.026767,3
2.68,0.27,4.8216033,3
9.19,5.09,2.6014864,3
-5.01,-0.34,5.012288,3
-0.08,3.64,5.175732,3
3.57,14.06,5.325556,3
-6.32,19.57,11.604536,3
3.6,17.5,-1.525479,3
-0.11,-6.21,-13.293459,3
-1.73,-8.08,-13.906375,3
-1.27,-4.02,-9.112013,3
0.93,9.23,3.7864566,3
-3.3,18.7,5.053149,3
-5.37,-1.84,-14.560152,3
-11.45,18.43,-0.27240697,3
7.31,18.92,9.656827,3
-3.6,1.38,3.9090397,3
-0.34,4.56,5.243834,3
-4.94,1.27,5.284695,3
3.57,14.63,7.7363577,3
0.08,19.57,10.732834,3
3.57,13.87,-5.012288,3
-0.69,-6.82,-12.14935,3
-1.65,-3.21,-8.267551,3
2.6,12.57,6.973618,3
0.89,19,13.0619135,3
2.03,-0.38,6.0882955,3
-2.26,0.15,4.0180025,3
-0.11,7.89,4.0588636,3
-2.07,19.57,11.985906,3
0.31,19.57,2.6423476,3
1.5,7.46,2.7649305,3
1.08,17.62,14.1787815,3
-0.5,3.95,7.3958488,3
-0.38,3.11,4.440233,3
0.46,0.57,-4.5628166,3
0.34,16.21,11.795221,3
1.04,19.15,11.223166,3
-0.38,3.21,-1.0760075,3
-1.46,18.66,15.4046135,3
-9.19,9.28,-5.9793324,3
9,19.57,1.7297841,3
-10.08,13.76,12.912089,3
2.49,15.64,6.5922484,3
-1.14,-6.05,-11.304889,3
0.99,18.43,16.698545,3
-3.98,7.16,-13.824653,3
-6.85,12.6,10.228881,3
7.7,-0.57,5.597963,3
3.6,9.11,1.334794,3
-5.28,19.57,10.732834,3
0.34,-5.2,-10.038197,3
-2.07,17.16,13.633968,3
-10.42,16.82,-7.8180795,3
9.43,19.57,11.686258,3
5.33,2.45,6.5513873,3
1.57,3.17,8.771504,3
1.54,12.64,4.5219555,3
-6.59,19.57,13.593107,3
7.97,17.47,-0.10896278,3
-4.4,-9.49,-16.358038,3
-0.5,-6.51,-13.824653,3
-1.31,-3.57,-9.275456,3
2.45,11.56,5.597963,3
-2.83,16.78,3.6774938,3
-8.16,1.73,-9.80665,3
5.37,19.38,13.593107,3
0.53,1.5,4.8216033,3
-4.33,1.08,6.469665,3
-0.08,1.14,4.2495484,3
2.3,12.64,4.7943625,3
-4.94,19.57,14.328606,3
2.6,-2.83,-10.079058,3
-3.15,-2.79,-12.762266,3
-1.08,-6.05,-11.264028,3
-0.08,3.79,-3.405087,3
-2.6,17.88,15.4046135,3
-4.25,2.72,-14.437569,3
-10.84,17.43,-5.8567495,3
-0.23,3.87,9.956474,3
-4.06,7.08,7.9270425,3
8.73,19.57,8.430995,3
-1.88,0.84,2.8330324,3
-2.56,19.57,5.407278,3
0.76,9.66,3.173541,3
-4.99,-2.45,-13.824653,3
3.76,19.11,15.704261,3
4.56,17.2,10.923519,3
0.11,-5.86,-12.408136,3
-2.49,-0.04,-6.428804,3
0.23,17.35,9.656827,3
0.38,19.57,2.5606253,3
3.57,-2.56,4.7943625,3
0.23,6.05,3.214402,3
-0.38,-5.67,-12.026767,3
-1.42,-1.76,-7.5865335,3
0.95,14.14,8.689782,3
-10.76,13.14,-9.493382,3
-0.23,-0.46,-5.325556,3
-6.24,12.83,-12.367276,3
-9.08,12.57,-13.633968,3
9.77,12.53,12.340035,3
-5.98,12.53,12.340035,3
2.53,1.27,6.3607025,3
-0.99,16.32,15.75,3
0.11,6.17,3.26,3
1.5,-4.94,13.82,3
-3.26,3.26,0.15,3
3.26,8.92,-1.95,3
3.64,1.14,-0.08,3
1.42,-9.72,-3.57,3
0.08,-2.49,0.91,3
-1.46,8.92,-5.24,3
-1.61,12.41,-1.84,3
-1.04,18.05,-4.1,3
-1.65,16.44,16.97,3
1.69,-5.01,9.23,3
-3.91,-2.37,5.52,3
0.65,11.96,4.59,3
-1.27,-2.64,-2.96,3
-8.89,-1.42,8.08,3
-0.69,19.46,-6.4,3
3.21,18.24,-5.43,3
-2.76,0.08,2.37,3
-6.36,-5.94,14.29,3
-0.72,0.8,1.5,3
-2.26,7.01,0.61,3
3.21,17.92,3.21,3
-11.18,19.08,3.6,3
1.5,-7.82,-4.79,3
-2.22,19.46,-6.78,3
2.07,19.57,-5.75,3
-0.57,5.83,-0.27,3
-0.27,-5.56,12.83,3
-5.01,-0.04,5.67,3
-0.61,8.81,2.68,3
-0.89,-4.37,1.4,3
-1.18,-6.21,-7.01,3
1.38,-1.65,-5.01,3
-11.73,6.02,14.14,3
1.42,14.25,-4.52,3
-3.17,19,-5.94,3
0.99,19.57,-7.67,3
12.87,17.77,6.47,3
-4.06,16.63,14.79,3
0.57,3.02,14.44,3
-1.54,0.8,1.65,3
0.3,5.98,-0.53,3
7.5,18.77,2.11,3
-3.41,19.57,1.99,3
-2.98,12.07,1.27,3
7.55,5.6,-4.71,3
2.96,-3.53,-7.44,3
-0.31,15.75,-4.9,3
-0.65,19.57,-8.77,3
5.37,17.5,-3.17,3
2.98,9.15,3.91,3
-2.56,-1.99,10.5,3
-2.6,2.83,0.57,3
1.76,12.83,3.15,3
-8.16,4.63,-3.02,3
3.87,19.5,-7.4,3
5.18,18.81,-5.94,3
7.31,17.92,2.45,3
-0.19,15.6,10.19,3
2.56,1.46,0.89,3
-1.33,-6.43,11.41,3
-1.38,1.18,0.46,3
4.63,16.86,4.02,3
-1.12,19.57,0.91,3
-5.28,19.38,1.31,3
-0.19,11.41,2.72,3
-1.57,-5.43,-1.14,3
1.92,-5.82,-5.94,3
-0.69,-1.69,-0.76,3
-9.7,5.41,18.28,3
0,15.43,-2.22,3
1.18,19.5,-9.04,3
5.9,17.73,-7.67,3
8.43,17.58,6.63,3
1.99,3.72,-0.89,3
-0.57,-6.13,11.73,3
-3.15,-0.89,2.83,3
-3.11,3.11,-0.38,3
-0.34,19.57,0.69,3
2.6,-5.05,-6.51,3
0.57,-0.65,-1.23,3
-8.5,4.9,16.78,3
0.42,5.71,-12.95,3
11.45,16.55,-1.33,3
1.73,17.69,19,3
8.27,11.14,-2.96,3
11.75,16.36,1.73,3
9.49,12.15,-5.41,3
-0.93,-8.27,-8.16,3
-13.91,12.57,16.4,3
5.94,14.75,-3.57,3
0.91,19.57,-9.04,3
0.46,10.34,6.78,3
-7.86,19.5,2.56,3
13.67,17.12,-8.5,3
9.66,10.08,11.92,3
7.59,0.69,-0.69,3
13.25,-5.41,7.46,3
7.55,6.7,0.27,3



0,9.85,1.42,6
0,9.85,1.38,6
0,9.85,1.42,6
-0.04,9.89,1.46,6
0.04,9.85,1.42,6
0,9.89,1.38,6
0,9.85,1.42,6
0,9.89,1.38,6
0.04,9.92,1.46,6
0.04,9.89,1.42,6
0,9.85,1.38,6
-0.04,9.85,1.38,6
0,9.89,1.42,6
-0.04,9.85,1.38,6
0,9.92,1.38,6
-0.04,9.89,1.42,6
0,9.89,1.46,6
0,9.89,1.42,6
0.04,9.89,1.38,6
0,9.85,1.42,6
-0.08,9.89,1.38,6
-0.08,9.89,1.33,6
-0.08,9.85,1.38,6
-0.11,9.89,1.42,6
-0.15,9.92,1.33,6
-1.99,9.43,1.84,6
-1.84,10,2.53,6
-1.23,9.72,2.72,6
-1.12,9.58,2.64,6
-0.95,9.62,2.6,6
-1.18,9.72,2.53,6
-1.38,9.7,2.56,6
-1.18,9.62,2.68,6
-1.31,9.62,2.68,6
-1.23,9.7,2.72,6
-1.18,9.58,2.79,6
-1.04,9.62,2.64,6
-1.04,9.66,2.56,6
-0.99,9.62,2.53,6
-1.31,9.72,2.72,6
-1.18,9.53,2.6,6
-1.23,9.58,2.56,6
-1.12,9.89,2.49,6
-1.08,9.51,2.56,6
-1.31,9.43,2.45,6
-1.69,9.51,2.87,6
-1.61,9.62,2.6,6
-1.08,9.77,2.45,6
-0.84,9.72,2.41,6
-0.72,9.72,2.18,6
-1.08,9.66,2.37,6
-1.5,9.53,2.41,6
-1.46,9.72,2.49,6
-1.14,9.72,2.34,6
-0.95,9.66,2.26,6
-1.08,9.72,2.45,6
-1.27,9.7,2.49,6
-1.18,9.58,2.45,6
-1.04,9.66,2.53,6
-1.14,9.66,2.56,6
-1.31,9.66,2.6,6
-1.42,9.62,2.68,6
-0.8,9.77,2.34,6
-0.5,10.12,2.3,6
-0.84,9.47,2.18,6
-1.57,9.66,2.37,6
-1.46,9.51,2.72,6
-1.08,9.53,2.37,6
-1.12,9.81,2.3,6
-1.08,9.62,2.45,6
-1.14,9.81,2.53,6
-1.04,9.58,2.49,6
-1.18,9.62,2.49,6
-1.14,9.58,2.76,6
-1.38,9.58,2.68,6
-1.57,9.34,2.6,6
-1.42,9.51,2.64,6
-1.27,9.51,2.64,6
-0.95,9.72,2.53,6
-0.89,9.81,2.53,6
-0.89,9.7,2.53,6
-1.12,9.72,2.6,6
-1.31,9.53,2.56,6
-1.31,9.62,2.6,6
-1.33,9.51,2.56,6
-1.5,9.62,2.53,6
-1.18,9.53,2.45,6
-0.91,9.7,2.49,6
-0.95,9.81,2.64,6
-0.99,9.58,2.72,6
-1.14,9.58,2.56,6
-1.38,9.58,2.64,6
-1.27,9.53,2.49,6
-1.08,9.58,2.49,6
-1.23,9.7,2.76,6
-1.12,9.7,2.64,6
-1.04,9.66,2.64,6
-0.76,9.66,2.45,6
-0.99,9.72,2.6,6
-1.14,9.53,2.53,6
-1.31,9.47,2.56,6
-1.46,9.62,2.72,6
-1.23,9.58,2.56,6
-1.12,9.58,2.49,6
-1.04,9.77,2.6,6
-1.04,9.72,2.68,6
-0.8,9.66,2.6,6
-0.99,9.62,2.64,6
-1.18,9.72,2.83,6
-1.18,9.43,2.64,6
-1.38,9.38,2.53,6
-1.46,9.47,2.6,6
-1.23,9.51,2.72,6
-1.14,9.66,2.83,6
-1.18,9.77,2.91,6
-0.69,9.66,2.6,6
-0.76,9.72,2.56,6
-0.95,9.62,2.83,6
-1.31,9.43,2.56,6
-1.46,9.47,2.56,6
-1.04,9.62,2.6,6
-1.12,9.85,2.76,6
-0.69,9.77,2.72,6
-0.46,9.7,2.56,6
-0.95,9.62,2.79,6
-1.38,9.3,2.72,6
-1.8,9.51,2.76,6
-1.5,9.3,2.72,6
-1.08,9.58,2.49,6
-1.12,9.77,2.64,6
-0.89,9.96,2.79,6
-0.8,9.77,2.68,6
-1.08,9.53,2.79,6
-1.38,9.28,2.76,6
-1.57,9.19,2.64,6
-1.53,9.3,2.41,6
-1.31,9.34,2.3,6
-1.57,10.12,2.87,6
-0.11,9.85,3.34,6
-0.53,9.85,2.76,6
-1.65,9.51,3.06,6
-1.31,9.34,2.98,6
-0.95,9.43,2.87,6
-1.57,9.34,2.91,6
-1.53,9.51,3.17,6
-1.14,9.51,3.06,6
-1.12,9.51,2.96,6
-1.18,9.58,2.98,6
-1.12,9.53,2.87,6
-0.99,9.53,2.76,6
-0.99,9.53,2.76,6
-1.14,9.53,2.91,6
-1.18,9.53,3.02,6
-1.27,9.47,3.02,6
-1.23,9.51,3.06,6
-0.89,9.47,2.98,6
-1.23,9.7,3.11,6
-1.42,9.43,2.91,6
-1.23,9.47,2.83,6
-1.08,9.62,3.02,6
-1.04,9.53,3.06,6
-1.04,9.66,3.17,6
-1.04,9.58,3.11,6
-1.08,9.38,2.72,6
-1.12,9.34,2.76,6
-1.33,9.51,2.98,6
-1.57,9.47,3.06,6
-1.12,9.53,3.15,6
-1.08,9.85,3.15,6
-0.76,9.58,2.68,6
-0.76,9.58,2.72,6
-1.14,9.53,2.79,6
-1.42,9.3,2.6,6
-1.57,9.34,2.83,6
-1.38,9.7,3.26,6
-1.08,9.7,3.17,6
-0.5,9.7,2.76,6
-0.61,9.81,2.64,6
-0.8,9.72,2.49,6
-0.8,9.58,2.45,6
-1.18,9.66,2.64,6
-1.14,9.7,2.6,6
-1.14,9.53,2.41,6
-1.08,9.47,2.45,6
-0.99,9.53,2.6,6
-1.31,9.53,2.87,6
-1.33,9.53,3.02,6
-1.14,9.66,2.87,6
-0.89,9.66,2.76,6
-0.89,9.72,2.49,6
-0.84,9.77,2.37,6
-1.12,9.72,2.37,6
-1.31,9.51,2.3,6
-1.46,9.43,2.37,6
-1.31,9.38,2.6,6
-0.95,9.51,2.91,6
-0.89,10.08,3.15,6
-0.57,9.92,2.6,6
-0.69,9.72,2.45,6
-0.99,9.58,2.41,6
-1.53,9.47,2.41,6
-1.57,9.34,2.34,6
-1.31,9.51,2.22,6
-1.08,9.58,2.41,6
-0.89,9.66,2.79,6
-0.91,9.77,3.02,6
-0.84,9.72,3.02,6
-0.8,9.81,2.79,6
-0.72,9.81,2.56,6
-0.76,9.77,2.3,6
-1.08,9.58,2.34,6
-1.27,9.51,2.37,6
-1.33,9.53,2.56,6
-1.31,9.58,2.6,6
-1.04,9.7,2.49,6
-0.91,9.58,2.45,6
-1.08,9.58,2.53,6
-1.42,9.53,2.6,6
-1.31,9.47,2.64,6
-1.14,9.58,2.68,6
-0.84,9.66,2.68,6
-0.84,9.85,2.72,6
-0.72,9.85,2.64,6
-0.61,9.77,2.41,6
-0.76,9.81,2.41,6
-1.04,9.7,2.3,6
-1.14,9.58,2.3,6
-1.23,9.53,2.37,6
-1.27,9.66,2.49,6
-1.14,9.62,2.45,6
-1.08,9.7,2.45,6
-1.18,9.51,2.49,6
-1.14,9.53,2.49,6
-1.18,9.62,2.56,6
-1.08,9.62,2.56,6
-1.04,9.7,2.53,6
-0.84,9.72,2.49,6
-0.76,9.77,2.64,6
-0.65,9.89,2.6,6
-0.61,9.7,2.41,6
-0.72,9.7,2.41,6
-0.95,9.81,2.45,6
-0.89,9.81,2.18,6
-0.99,9.62,2.07,6
-1.31,9.38,2.3,6
-1.61,9.38,2.79,6
-1.57,9.62,2.87,6
-0.95,9.62,2.6,6
-0.69,9.77,2.45,6
-0.65,9.92,2.41,6
-0.76,9.66,2.26,6
-0.95,9.72,2.37,6
-1.18,9.62,2.45,6
-1.14,9.58,2.49,6
-1.14,9.58,2.53,6
-1.18,9.58,2.56,6
-1.04,9.7,2.6,6
-0.91,9.62,2.53,6
-1.04,9.66,2.7,6
-1.14,9.51,2.87,6
-1.18,9.62,2.83,6
-0.99,9.66,2.76,6
-0.84,9.7,2.49,6
-0.84,9.77,2.37,6
-0.95,9.77,2.3,6
-0.99,9.7,2.26,6
-1.27,9.43,2.34,6
-1.38,9.53,2.68,6
-1.18,9.66,2.79,6
-0.89,9.66,2.64,6
-0.8,9.62,2.68,6
-1.04,9.7,2.76,6
-1.04,9.62,2.68,6
-0.99,9.53,2.53,6
-1.12,9.53,2.72,6
-1.27,9.53,2.98,6
-1.31,9.58,3.06,6
-0.99,9.62,2.79,6
-0.69,9.81,2.49,6
-0.57,9.66,2.22,6
-0.99,9.53,2.45,6
-1.5,9.47,2.98,6
-1.69,9.43,3.11,6
-1.14,9.66,3.06,6
-0.5,9.77,2.53,6
-0.69,9.77,2.45,6
-1.12,9.62,2.64,6
-1.33,9.47,2.91,6
-1.33,9.53,3.02,6
-1.12,9.58,2.83,6
-1.18,9.58,2.87,6
-1.14,9.62,2.79,6
-1.04,9.47,2.76,6
-1.18,9.47,2.87,6
-1.18,9.53,2.98,6
-1.61,9.34,3.21,6
-1.42,9.43,3.3,6
-1.33,9.3,3.38,6
-1.38,9.43,3.38,6
-1.18,9.51,3.21,6
-0.91,9.58,3.02,6
-1.23,9.3,3.11,6
-1.95,9.3,3.49,6
-1.73,9.38,3.57,6
-1.27,9.3,3.17,6
-1.42,9.34,3.17,6
-1.31,9.47,3.26,6
-1.23,9.3,3.11,6
-1.57,9.34,3.38,6
-1.61,9.62,3.76,6
-0.61,9.43,2.49,6
-0.91,9.53,2.64,6
-2.22,9.43,3.64,6
-1.69,9.34,3.26,6
-1.38,9.19,3.15,6
-1.57,9.43,3.06,6
-1.31,9.47,2.96,6
-1.18,9.43,2.79,6
-1.04,9.38,2.83,6
-1.08,9.47,3.11,6
-1.46,9.53,3.41,6
-1.57,9.51,3.57,6
-1.46,9.43,3.38,6
-1.18,9.38,3.49,6
-1.38,9.3,3.41,6
-1.5,9.23,3.53,6
-1.76,9.28,3.53,6
-1.8,9.19,3.41,6
-1.76,9.11,3.21,6
-1.65,9.11,3.02,6
-1.53,9.38,3.3,6
-1.61,9.34,3.49,6
-1.31,9.51,3.49,6
-1.23,9.38,3.68,6
-1.08,9.47,3.45,6
-1.04,9.43,3.17,6
-1.33,9.3,3.11,6
-1.61,9.43,3.26,6
-1.65,9.34,3.21,6
-1.61,9.3,3.17,6
-1.76,9.23,3.34,6
-1.53,9.43,3.26,6
-1.12,9.53,3.3,6
-0.84,9.62,3.15,6
-0.95,9.58,3.02,6
-0.91,9.62,2.72,6
-0.99,9.51,2.68,6
-0.95,9.72,2.76,6
-0.72,9.77,2.6,6
-0.65,9.62,2.53,6
-0.91,9.66,2.72,6
-1.08,9.58,2.76,6
-1.18,9.47,2.98,6
-1.27,9.62,2.91,6
-1.14,9.51,2.72,6
-1.14,9.38,2.72,6
-1.18,9.51,2.98,6
-1.23,9.51,3.11,6
-1.23,9.58,3.06,6
-1.14,9.53,2.98,6
-0.99,9.58,2.87,6
-1.14,9.53,2.87,6
-1.46,9.51,2.98,6
-1.31,9.47,2.98,6
-1.23,9.53,2.87,6
-1.04,9.53,2.76,6
-1.42,9.43,2.83,6
-1.61,9.34,2.91,6
-1.38,9.38,3.11,6
-1.14,9.53,2.96,6
-1.18,9.58,3.02,6
-0.99,9.51,2.91,6
-0.89,9.66,3.02,6
-0.89,9.7,3.11,6
-1.65,9.51,3.15,6
-1.76,9.23,3.17,6
-1.8,9.34,3.17,6
-1.38,9.3,2.79,6
-1.27,9.43,3.06,6
-1.27,9.58,3.02,6
-1.38,9.28,2.98,6
-1.61,9.47,2.96,6
-1.61,9.47,2.98,6
-1.04,9.66,2.68,6
-0.69,9.7,2.83,6
-0.72,9.77,2.72,6
-1.12,9.58,2.76,6
-1.42,9.43,2.87,6
-1.61,9.58,2.96,6
-1.04,9.51,2.68,6
-0.84,9.72,2.64,6
-1.04,9.53,2.79,6
-1.46,9.51,2.79,6
-1.69,9.47,2.83,6
-1.46,9.43,2.68,6
-1.18,9.66,2.76,6
-1.14,9.62,2.72,6
-1.23,9.77,2.72,6
-0.95,9.66,2.79,6
-0.69,9.66,2.64,6
-1.08,9.7,2.6,6
-1.27,9.53,2.53,6
-1.46,9.38,2.6,6
-1.69,9.53,2.72,6
-1.42,9.47,2.68,6
-1.31,9.58,2.68,6
-1.14,9.72,2.64,6
-1.04,9.77,2.6,6
-0.99,9.66,2.64,6
-1.14,9.58,2.6,6
-1.33,9.51,2.53,6
-1.42,9.62,2.56,6
-1.31,9.58,2.64,6
-1.23,9.7,2.76,6
-1.23,9.53,2.68,6
-1.27,9.53,2.72,6
-1.27,9.62,2.79,6
-1.27,9.51,2.72,6
-1.27,9.47,2.76,6
-1.46,9.43,2.91,6
-1.42,9.58,2.83,6
-1.18,9.51,2.79,6
-1.14,9.66,2.91,6
-1.18,9.66,2.83,6
-0.91,9.58,2.72,6
-0.91,9.62,2.79,6
-1.14,9.62,2.87,6
-1.23,9.38,2.76,6
-1.65,9.38,2.96,6
-1.8,9.3,3.02,6
-1.5,9.38,2.87,6
-1.27,9.53,2.76,6
-1.04,9.62,2.91,6
-1.12,9.7,2.96,6
-0.91,9.58,2.91,6
-1.08,9.51,2.83,6
-1.27,9.51,2.98,6
-1.5,9.38,2.87,6
-1.42,9.43,2.72,6
-1.38,9.51,3.02,6
-1.12,9.66,2.98,6
-0.72,9.66,2.87,6
-0.99,9.66,2.91,6
-1.18,9.58,2.76,6
-1.08,9.51,2.68,6
-1.12,9.58,2.79,6
-1.23,9.47,2.68,6
-1.42,9.43,3.06,6
-1.31,9.47,2.83,6
-1.18,9.43,2.91,6
-1.08,9.53,2.96,6
-1.23,9.58,2.79,6
-1.18,9.58,2.87,6
-1.04,9.51,2.79,6
-1.31,9.43,2.87,6
-1.5,9.51,3.17,6
-1.5,9.38,3.15,6
-1.42,9.51,3.21,6
-1.14,9.51,3.15,6
-1.14,9.62,2.83,6
-1.18,9.47,2.79,6
-1.14,9.53,2.87,6
-1.33,9.51,2.91,6
-1.33,9.43,3.02,6
-1.31,9.47,2.87,6
-1.27,9.51,2.96,6
-1.42,9.47,3.15,6
-1.38,9.43,3.11,6
-1.27,9.38,2.87,6
-1.23,9.47,2.87,6
-1.38,9.43,3.02,6
-1.38,9.47,3.06,6
-1.23,9.53,3.06,6
-1.04,9.53,2.96,6
-0.89,9.58,2.87,6
-1.12,9.53,3.02,6
-1.31,9.53,3.02,6
-1.5,9.43,2.96,6
-1.38,9.34,2.87,6
-1.23,9.53,3.26,6
-0.99,9.53,3.17,6
-0.99,9.7,2.96,6
-1.12,9.43,2.6,6
-1.04,9.43,2.76,6
-1.46,9.51,3.06,6
-1.69,9.53,3.15,6
-1.14,9.38,2.96,6
-1.04,9.7,3.21,6
-0.91,9.62,2.96,6
-1.23,9.43,3.06,6
-1.14,9.43,3.02,6
-1.31,9.43,2.91,6
-1.23,9.47,2.91,6
-0.91,9.62,3.17,6
-1.12,9.58,3.11,6
-1.14,9.47,3.15,6
-1.12,9.43,3.15,6
-1.12,9.53,3.11,6
-1.18,9.43,2.79,6
-1.23,9.38,2.72,6
-1.33,9.43,3.02,6
-1.42,9.43,3.15,6
-1.31,9.43,3.11,6
-1.14,9.47,3.11,6
-1.08,9.53,3.02,6
-0.91,9.62,2.98,6
-0.89,9.43,3.02,6
-1.31,9.38,3.06,6
-1.57,9.43,3.15,6
-1.73,9.3,3.06,6
-1.38,9.43,3.15,6
-1.12,9.51,3.21,6
-1.04,9.51,3.06,6
-1.23,9.53,3.17,6
-1.14,9.38,2.98,6
-1.27,9.58,2.96,6
-0.95,9.51,2.96,6
-1.04,9.47,2.98,6
-1.18,9.38,3.15,6
-1.33,9.51,3.17,6
-1.14,9.51,2.98,6
-1.04,9.47,2.96,6
-0.95,9.47,2.98,6
-1.23,9.47,3.15,6
-1.23,9.47,3.06,6
-1.31,9.47,3.06,6
-1.27,9.3,2.87,6
-1.31,9.38,3.11,6
-1.23,9.43,3.15,6
-1.12,9.43,2.98,6
-1.31,9.62,3.02,6
-1.23,9.53,3.11,6
-0.91,9.47,3.11,6
-0.89,9.53,3.17,6
-1.14,9.62,2.98,6
-1.12,9.38,2.79,6
-1.27,9.43,2.87,6
-1.5,9.47,3.06,6
-1.14,9.53,3.06,6
-0.95,9.58,3.17,6
-0.99,9.47,3.06,6
-1.27,9.47,2.91,6
-1.46,9.38,3.06,6
-1.42,9.28,3.11,6
-1.5,9.34,3.17,6
-1.61,9.38,3.15,6
-1.23,9.43,2.96,6
-0.99,9.58,2.96,6
-0.84,9.58,2.91,6
-0.95,9.62,3.02,6
-1.12,9.53,2.91,6
-1.31,9.43,2.96,6
-1.23,9.43,2.91,6
-1.04,9.58,2.83,6
-1.08,9.51,2.79,6
-1.42,9.34,2.98,6
-1.53,9.43,2.98,6
-1.12,9.47,2.91,6
-0.99,9.62,2.87,6
-0.95,9.53,2.68,6
-0.95,9.77,2.91,6
-0.89,9.66,2.96,6
-0.69,9.62,2.83,6
-0.84,9.58,3.02,6
-1.08,9.51,2.91,6
-1.42,9.34,2.91,6
-1.61,9.3,2.87,6
-1.5,9.34,2.72,6
-0.91,9.66,2.64,6
-0.89,9.85,2.64,6
-0.99,9.77,2.56,6
-1.08,9.51,2.45,6
-1.53,9.34,2.45,6
-1.92,9.15,2.45,6
-1.95,9.34,2.56,6
-1.38,9.53,3.02,6
-1.08,9.7,3.11,6
-1.14,9.66,3.02,6
-1.04,9.72,2.83,6
-0.95,9.66,2.6,6
-0.95,9.62,2.56,6
-1.08,9.66,2.72,6
-0.99,9.66,2.72,6
-1.12,9.53,2.76,6
-1.31,9.53,2.79,6
-1.38,9.34,2.79,6
-1.38,9.43,2.83,6
-1.46,9.43,2.98,6
-1.38,9.38,2.91,6
-1.33,9.38,2.98,6
-1.27,9.43,2.91,6
-1.14,9.47,2.98,6
-1.08,9.53,2.91,6
-1.12,9.53,3.11,6
-0.89,9.7,2.83,6
-0.76,9.7,2.83,6
-0.89,9.62,2.76,6
-1.04,9.62,2.79,6
-1.18,9.53,2.79,6
-1.27,9.51,2.76,6
-1.31,9.43,2.68,6
-1.27,9.47,2.79,6
-1.27,9.53,2.87,6
-1.33,9.51,2.72,6
-1.18,9.38,2.72,6
-1.31,9.43,2.83,6
-1.12,9.7,3.11,6
-0.84,9.89,3.21,6
-0.89,9.81,2.64,6
-0.89,9.51,2.34,6
-0.95,9.66,2.3,6
-0.91,9.62,2.83,6
-1.14,9.47,2.76,6
-1.46,9.3,3.26,6
-1.46,9.51,3.26,6
-1.27,9.34,3.11,6
-1.31,9.3,3.02,6
-1.33,9.43,3.06,6
-1.12,9.58,3.15,6
-1.08,9.51,3.06,6
-1.18,9.43,3.06,6
-1.33,9.62,3.34,6
-1.08,9.53,3.21,6
-0.99,9.58,3.06,6
-1.12,9.51,2.72,6
-1.38,9.43,2.68,6
-1.27,9.58,2.76,6
-1.23,9.51,2.68,6
-1.31,9.53,2.91,6
-1.31,9.51,2.96,6
-1.33,9.47,2.83,6
-1.12,9.53,2.98,6
-1.31,9.47,3.02,6
-1.27,9.51,2.87,6
-1.08,9.47,2.64,6
-1.04,9.58,2.98,6
-1.14,9.7,3.15,6
-1.23,9.53,2.98,6
-1.14,9.47,2.79,6
-1.23,9.47,2.96,6
-1.18,9.66,3.02,6
-1.18,9.58,2.83,6
-1.46,9.58,2.72,6
-1.33,9.38,2.49,6
-1.23,9.43,2.72,6
-1.12,9.58,2.91,6
-1.27,9.7,3.15,6
-1.14,9.7,3.11,6
-0.72,9.7,2.72,6
-0.76,9.66,2.72,6
-0.89,9.62,2.68,6
-0.95,9.58,2.64,6
-1.04,9.53,2.83,6
-1.31,9.7,2.68,6
-1.12,9.66,2.83,6
-1.18,9.58,2.91,6
-1.31,9.3,2.68,6
-1.38,9.19,2.79,6
-1.57,9.19,2.22,6
-2.14,9.38,2.26,6
-1.31,9.62,3.17,6
-0.5,9.81,3.57,6
-0.95,9.62,3.38,6
-1.95,9.23,3.45,6
-1.57,9.3,3.45,6
-1.42,9.34,3.41,6
-1.33,9.43,3.26,6
-1.8,9.3,3.17,6
-1.65,9.3,3.17,6
-1.31,9.38,3.34,6
-1.46,9.38,3.26,6
-1.33,9.38,3.21,6
-1.12,9.51,3.26,6
-1.12,9.53,3.21,6
-1.33,9.43,3.15,6
-1.69,9.28,3.11,6
-1.65,9.34,3.3,6
-1.73,9.15,3.26,6
-1.95,9.3,3.34,6
-1.53,9.3,3.3,6
-1.42,9.38,3.21,6
-1.38,9.3,3.26,6
-1.57,9.34,3.26,6
-1.53,9.3,3.21,6
-1.42,9.43,3.17,6
-1.18,9.47,3.17,6
-1.23,9.47,3.21,6
-1.31,9.34,3.17,6
-1.33,9.34,3.17,6
-1.27,9.47,3.15,6
-1.38,9.47,3.11,6
-1.69,9.38,3.15,6
-1.84,9.28,3.15,6
-1.61,9.34,3.06,6
-1.57,9.38,2.87,6
-1.65,9.23,2.91,6
-1.69,9.51,3.3,6
-1.04,9.58,3.34,6
-0.61,9.58,3.11,6
-0.65,9.58,3.11,6
-1.18,9.62,2.87,6
-1.23,9.58,2.64,6
-1.12,9.38,2.37,6
-1.18,9.53,2.68,6
-1.08,9.62,2.91,6
-0.99,9.7,2.91,6
-0.89,9.7,2.87,6
-0.76,9.7,2.56,6
-1.42,9.51,2.72,6
-1.57,9.53,2.96,6
-1.38,9.66,2.96,6
-0.8,9.58,2.72,6
-0.72,9.7,2.64,6
-1.69,9.3,2.53,6
-1.95,9.43,3.02,6
-1.5,9.58,3.06,6
-0.89,9.58,2.64,6
-1.27,9.53,3.06,6
-1.33,9.53,3.11,6
-1.14,9.51,2.91,6
-0.91,9.66,2.91,6
-1.5,9.34,2.91,6
-1.76,9.23,2.87,6
-1.76,9.38,3.02,6
-1.14,9.51,2.79,6
-0.95,9.62,2.96,6
-0.91,9.62,2.87,6
-1.23,9.58,2.91,6
-1.5,9.47,2.87,6
-1.38,9.47,2.83,6
-1.08,9.47,2.87,6
-1.76,9.3,2.91,6
-1.57,9.43,2.87,6
-1.33,9.53,2.91,6
-1.04,9.62,2.96,6
-0.84,9.66,2.79,6
-1.08,9.66,2.87,6
-1.14,9.47,2.87,6
-1.08,9.53,2.87,6
-0.99,9.62,3.02,6
-1.38,9.3,2.87,6
-1.8,9.38,2.98,6
-1.88,9.34,3.15,6
-1.04,9.53,3.17,6
-1.04,9.7,2.96,6
-0.95,9.58,2.87,6
-0.89,9.47,2.83,6
-1.53,9.53,3.15,6
-1.31,9.3,2.98,6
-1.27,9.34,2.96,6
-1.76,9.47,3.02,6
-1.5,9.38,2.79,6
-1.42,9.51,2.83,6
-0.99,9.62,2.76,6
-1.12,9.66,2.91,6
-1.14,9.58,2.79,6
-0.8,9.53,2.76,6
-0.99,9.81,2.91,6
-1.14,9.43,2.87,6
-1.73,9.23,2.79,6
-2.18,9.34,3.11,6
-1.88,9.04,2.79,6
-1.27,9.58,2.87,6
-0.95,9.66,3.02,6
-0.91,9.7,2.96,6
-0.8,9.62,2.98,6
-1.12,9.38,3.06,6
-1.61,9.19,2.98,6
-1.88,9.3,2.91,6
-1.27,9.47,2.83,6
-0.89,9.66,2.98,6
-0.84,9.62,2.87,6
-0.8,9.7,2.76,6
-1.04,9.62,3.02,6
-1.27,9.43,3.02,6
-1.53,9.11,2.79,6
-2.07,9.34,3.11,6
-2.03,9.3,3.11,6
-0.76,9.7,2.98,6
-0.57,9.85,2.96,6
-0.61,9.72,2.83,6
-0.95,9.47,3.02,6
-1.38,9.43,2.79,6
-1.84,9.28,2.96,6
-2.22,9.19,3.15,6
-1.73,9.28,2.96,6
-1.14,9.58,3.11,6
-0.69,9.7,2.98,6
-0.95,9.53,3.11,6
-1.27,9.43,2.76,6
-1.46,9.28,3.02,6
-1.76,9,3.17,6
-2.41,9.23,3.38,6
-2.18,9.11,3.34,6
-1.38,9.38,3.15,6
-1.14,9.72,3.21,6
-0.84,9.62,2.64,6
-0.91,9.66,2.98,6
-1.57,9.3,2.98,6
-1.76,9.3,3.02,6
-1.76,9.19,3.02,6
-1.99,9.19,3.3,6
-2.3,9.15,3.41,6
-1.84,9.3,3.3,6
-0.99,9.58,3.15,6
-1.04,9.51,3.21,6
-1.27,9.62,3.21,6
-1.23,9.47,3.02,6
-1.33,9.28,2.64,6
-1.31,9.47,3.11,6
-1.57,9.47,3.17,6
-1.46,9.34,2.98,6
-1.46,9.47,3.02,6
-1.8,9.58,2.79,6
-1.61,9.19,2.76,6
-1.57,9.11,2.76,6
-1.65,9.11,2.96,6
-1.73,9.3,3.3,6
-1.33,9.47,3.41,6
-0.8,9.7,3.38,6
-0.89,9.7,3.17,6
-1.23,9.51,2.98,6
-1.46,9.38,3.11,6
-1.38,9.34,3.15,6
-1.65,9.19,3.11,6
-1.73,9.23,3.11,6
-1.18,9.38,3.06,6
-1.38,9.43,3.26,6
-1.46,9.58,3.06,6
-0.99,9.47,2.79,6
-1.14,9.53,3.38,6
-1.42,9.34,3.3,6
-1.5,9.28,3.21,6
-1.65,9.28,2.68,6
-1.53,9.47,3.02,6
-1.46,9.51,3.34,6
-1.5,9.28,3.17,6
-1.65,9.28,2.87,6
-1.5,9.38,2.98,6
-1.18,9.53,2.87,6
-1.27,9.47,2.96,6
-1.38,9.58,3.11,6
-1.65,9.34,3.15,6
-1.76,9.11,3.41,6
-1.18,9.51,3.26,6
-1.18,9.47,2.83,6
-1.57,9.3,2.83,6
-1.76,9.19,3.17,6
-1.76,9.15,3.45,6
-1.73,9.23,3.45,6
-1.5,9.38,3.34,6
-1.33,9.43,3.11,6
-1.5,9.43,2.98,6
-1.18,9.47,3.11,6
-1.27,9.51,2.79,6
-1.31,9.47,2.91,6
-1.61,9.28,2.98,6
-2.11,9.19,3.26,6
-1.76,9.23,3.26,6
-1.33,9.43,3.3,6
-1.33,9.58,3.3,6
-1.14,9.3,2.72,6
-1.5,9.38,3.06,6
-1.31,9.38,3.15,6
-1.5,9.62,3.06,6
-1.42,9.47,3.06,6
-1.46,9.34,2.96,6
-1.5,9.62,2.83,6
-1.33,9.23,2.64,6
-1.38,9.43,2.96,6
-1.31,9.51,3.06,6
-1.33,9.34,2.98,6
-1.53,9.38,3.26,6
-1.69,9.38,3.06,6
-1.53,9.43,2.91,6
-0.89,9.53,2.98,6
-0.72,9.81,2.98,6
-1.08,9.51,2.37,6
-1.73,9.38,2.72,6
-1.53,9.38,3.02,6
-1.61,9.43,2.98,6
-1.46,9.38,2.87,6
-1.08,9.62,3.41,6
-0.8,9.43,3.3,6
-1.53,9.34,3.11,6
-1.92,9.23,2.98,6
-1.57,9.38,2.83,6
-1.18,9.53,2.96,6
-0.95,9.62,3.06,6
-0.91,9.72,2.87,6
-1.08,9.53,2.83,6
-1.08,9.43,2.87,6
-1.18,9.53,3.15,6
-1.57,9.19,2.98,6
-1.8,9.23,2.91,6
-1.92,9.3,3.02,6
-1.46,9.43,2.83,6
-1.04,9.66,2.83,6
-0.91,9.72,2.83,6
-0.8,9.81,2.83,6
-0.91,9.47,2.98,6
-1.38,9.51,3.17,6
-1.8,9.38,3.15,6
-1.95,9.11,2.72,6
-2.03,9.11,2.6,6
-2.26,9.15,2.68,6
-1.95,9.28,2.64,6
-1.46,9.43,2.56,6
-1.04,9.62,2.83,6
-1.14,9.77,2.53,6
-1.12,9.92,3.02,6
-0.91,9.53,3.21,6
-1.61,9.58,2.91,6
-1.69,9.3,2.45,6
-1.42,9.58,2.53,6
-1.23,9.51,2.53,6
-1.38,9.51,2.64,6
-1.69,9.34,2.98,6
-1.84,9.3,3.11,6
-1.8,9.23,3.06,6
-1.84,9.11,3.15,6
-1.88,9.3,3.34,6
-1.38,9.43,3.06,6
-0.99,9.62,2.72,6
-1.27,9.38,2.56,6
-1.61,9.28,3.06,6
-1.61,9.47,3.49,6
-1.42,9.34,3.02,6
-1.69,9.28,3.17,6
-1.38,9.58,3.3,6
-0.84,9.53,2.96,6
-0.95,9.62,2.76,6
-1.18,9.38,2.96,6
-1.46,9.47,3.17,6
-1.38,9.58,3.17,6
-0.99,9.51,2.83,6
-1.18,9.58,3.17,6
-1.04,9.51,2.76,6
-1.18,9.43,2.87,6
-1.38,9.43,2.98,6
-1.38,9.3,3.06,6
-1.04,9.58,2.6,6
-1.18,9.53,2.72,6
-1.18,9.51,2.64,6
-1.27,9.38,2.72,6
-1.08,9.51,2.98,6
-0.69,9.51,2.98,6
-0.8,9.62,3.15,6
-0.95,9.77,3.11,6
-0.72,9.62,2.98,6
-0.76,9.58,2.79,6
-0.91,9.51,2.79,6
-1.42,9.47,2.91,6
-1.5,9.3,2.79,6
-1.31,9.34,2.76,6
-1.33,9.43,2.87,6
-1.18,9.38,2.98,6
-1.18,9.47,3.21,6
-1.27,9.43,3.34,6
-1.12,9.43,3.26,6
-0.89,9.43,3.06,6
-0.72,9.81,3.26,6
-0.42,9.62,3.21,6
-1.08,9.47,3.21,6
-1.73,9.23,3.02,6
-1.69,9.28,3.02,6
-1.53,9.3,3.02,6
-1.46,9.38,3.02,6
-1.38,9.38,3.02,6
-1.5,9.34,3.15,6
-1.33,9.43,3.21,6
-1.31,9.38,3.17,6
-1.27,9.43,3.26,6
-1.08,9.51,3.21,6
-0.91,9.51,3.11,6
-0.95,9.62,3.11,6
-0.89,9.62,3.06,6
-0.89,9.53,2.91,6
-0.91,9.58,2.98,6
-0.99,9.53,2.83,6
-1.14,9.43,2.98,6
-1.33,9.51,3.06,6
-1.31,9.43,2.98,6
-1.31,9.34,2.96,6
-1.31,9.38,2.96,6
-1.27,9.47,3.06,6
-1.27,9.38,2.96,6
-1.33,9.38,3.11,6
-1.27,9.38,3.11,6
-1.33,9.38,3.15,6
-1.04,9.53,2.87,6
-1.27,9.47,2.98,6
-1.31,9.51,3.34,6
-1.46,9.28,3.15,6
-1.53,9.38,3.06,6
-1.46,9.3,3.02,6
-1.27,9.47,3.34,6
-1.31,9.43,3.06,6
-1.53,9.34,3.17,6
-1.23,9.47,3.3,6
-1.57,9.51,3.21,6
-1.57,9.23,3.38,6
-1.5,9.23,3.45,6
-1.38,9.28,3.17,6
-1.57,9.38,3.53,6
-1.76,9.34,3.64,6
-1.5,9.3,3.64,6
-1.18,9.47,3.41,6
-1.23,9.43,3.57,6
-0.99,9,3.6,6
-1.18,9.04,3.83,6
-1.12,9.08,3.91,6
-1.12,9.04,3.95,6
-1.04,8.89,3.79,6
-1.08,8.85,3.72,6
-1.27,9.7,3.38,6
-1.31,10.04,3.53,6
-1.46,8.85,3.49,6
-1.38,9.3,3.34,6
-1.18,9.43,3.3,6
-1.33,9.38,3.49,6
-1.23,9.34,3.3,6
-1.18,9.34,3.41,6
-1.33,9.3,3.45,6
-1.42,9.23,3.57,6